Rk,School,G,W,L,W-L%,SRS,SOS,W,L,W,L,W,L,Tm.,Opp.,Pace,ORtg,FTr,3PAr,TS%,TRB%,AST%,STL%,BLK%,eFG%,TOV%,ORB%,FT/FGA
1,Abilene Christian,33,27,6,0.818,-1.3,-8.13,14,4,13,2,10,4,2458,2082,67.3,93,0.371,0.336,0.526,49.1,47.4,8.3,7.5,0.486,21.7,26.7,0.267
2,Air Force,32,14,18,0.438,-3.94,0.58,8,10,9,6,3,9,2179,2294,67.4,104.7,0.286,0.462,0.555,49.9,54,10.5,8.2,0.534,15.7,23.8,0.194
3,Akron,33,17,16,0.515,5.2,1.42,8,10,14,3,1,10,2271,2107,68.5,92.9,0.297,0.382,0.481,51.8,45.1,8.2,8.7,0.452,16.6,29.3,0.194
4,Alabama A&M,32,5,27,0.156,-19.28,-8.44,4,14,4,7,0,18,1938,2285,67.5,104.6,0.388,0.384,0.558,53,53.4,11.3,8.9,0.537,18.3,31.9,0.247
5,Alabama-Birmingham,34,20,14,0.588,0.85,-1.25,10,8,11,5,6,5,2392,2287,66.4,100.6,0.312,0.44,0.523,47.4,54.1,7.6,8.3,0.487,15.8,25.8,0.228
6,Alabama State,31,12,19,0.387,-15.69,-7.93,9,9,8,3,3,13,2086,2235,69.6,102.8,0.361,0.368,0.551,51.1,54.1,10.3,9.5,0.518,18.8,30.8,0.255
7,Alabama,33,18,15,0.545,10.27,9.79,8,10,10,5,4,8,2369,2353,69.9,102.1,0.302,0.326,0.523,47.8,43.5,9.1,12,0.491,14.8,27.4,0.214
8,Albany (NY),32,12,20,0.375,-9.21,-6.53,7,9,6,8,6,10,2150,2216,66.7,102.3,0.296,0.391,0.54,50.2,57.1,9.5,12.3,0.519,16.5,27.6,0.194
9,Alcorn State,31,10,21,0.323,-22.15,-9.04,6,12,10,3,0,17,1995,2194,68.8,102.5,0.355,0.377,0.538,50.1,62.5,11.4,7.7,0.507,16.9,29.1,0.244
10,American,30,15,15,0.5,-4.02,-7.05,9,9,8,7,6,8,2161,2070,67.7,100.3,0.348,0.304,0.52,49.6,50.2,9.3,9.2,0.482,15.5,27.4,0.248
11,Appalachian State,32,11,21,0.344,-3.59,0.24,6,12,9,5,2,12,2557,2539,73.7,106.8,0.336,0.336,0.559,51.4,45.6,9.5,8.9,0.529,15.8,28.7,0.237
12,Arizona State,32,22,10,0.688,10.46,5.71,12,6,13,3,6,5,2490,2338,72.1,99.7,0.386,0.435,0.526,46.9,54.8,8.7,9.1,0.486,16.7,26.4,0.274
13,Arizona,32,17,15,0.531,8.36,6.36,8,10,12,5,4,7,2269,2205,68.6,99.7,0.35,0.369,0.539,49.5,47.8,7.8,10.6,0.509,18,25.8,0.238
14,Little Rock,31,10,21,0.323,-4.64,-1.85,5,13,7,9,3,12,2301,2353,72.7,103.5,0.385,0.438,0.553,50.2,54.7,7.7,7.1,0.518,17.1,26.9,0.273
15,Arkansas-Pine Bluff,32,13,19,0.406,-14.51,-8.25,10,8,8,2,4,17,2108,2269,67.3,103.7,0.441,0.33,0.548,50.6,55.1,11,9.5,0.513,17.6,29.9,0.298
16,Arkansas State,32,13,19,0.406,-6.83,-0.97,7,11,10,4,2,13,2359,2475,70.2,107.7,0.426,0.368,0.553,48.5,50.9,8.4,9.5,0.506,15.1,29.1,0.316
17,Arkansas,33,18,15,0.545,12.14,8.99,8,10,12,6,4,7,2499,2395,71.8,100.3,0.416,0.42,0.533,53.2,53.8,8.6,8.9,0.494,19.4,35,0.287
18,Army,32,13,19,0.406,-7.35,-4.51,8,10,10,4,3,13,2268,2305,71.7,100.5,0.281,0.407,0.549,51.1,52.7,9.3,12.4,0.527,17.2,22.1,0.191
19,Auburn,35,26,9,0.743,20.36,10.07,11,7,15,2,4,6,2785,2384,69.3,97.6,0.362,0.442,0.545,50.2,51.9,8.3,11.5,0.511,22,32,0.256
20,Austin Peay,33,22,11,0.667,0.63,-4.37,13,5,10,2,8,7,2712,2413,71.9,100.6,0.337,0.377,0.543,48.3,51.9,7.8,7.9,0.514,19,29.1,0.234
,,Overall,Overall,Overall,Overall,Overall,Overall,Conf.,Conf.,Home,Home,Away,Away,Points,Points,Opponent Advanced,Opponent Advanced,Opponent Advanced,Opponent Advanced,Opponent Advanced,Opponent Advanced,Opponent Advanced,Opponent Advanced,Opponent Advanced,Opponent Advanced,Opponent Advanced,Opponent Advanced,Opponent Advanced
Rk,School,G,W,L,W-L%,SRS,SOS,W,L,W,L,W,L,Tm.,Opp.,Pace,ORtg,FTr,3PAr,TS%,TRB%,AST%,STL%,BLK%,eFG%,TOV%,ORB%,FT/FGA
21,Ball State,33,16,17,0.485,3.72,1.54,6,12,7,7,8,7,2478,2362,71.7,98.3,0.299,0.349,0.504,48.5,45.4,9.3,8.6,0.47,15.4,28.1,0.21
22,Baylor,32,19,13,0.594,12.84,8.37,10,8,13,5,5,6,2293,2150,66.6,100.5,0.365,0.377,0.52,45.5,55.3,8.9,12.2,0.486,16.1,28.7,0.248
23,Belmont,32,27,5,0.844,8.98,-3.19,16,2,13,1,12,3,2791,2360,74.4,98.4,0.269,0.353,0.513,47.6,45.1,8.2,9.9,0.484,14.7,23.8,0.188
24,Bethune-Cookman,31,14,17,0.452,-11.84,-9.6,9,7,11,4,3,12,2290,2245,74.3,96.7,0.361,0.357,0.504,47.9,55.9,9.5,10,0.467,17.6,30.2,0.246
25,Binghamton,33,10,23,0.303,-13.72,-4.49,5,11,5,11,5,12,2152,2376,67.3,107,0.246,0.39,0.538,54.4,61.6,10.2,9,0.519,14.7,31.1,0.163
26,Boise State,33,13,20,0.394,3.86,1.33,7,11,8,7,3,10,2364,2263,66.5,102.4,0.328,0.404,0.554,50.2,51.9,7.3,8.3,0.519,16.8,24.2,0.243
27,Boston College,31,14,17,0.452,6.47,8.41,5,13,10,8,2,8,2196,2256,68.4,104.7,0.294,0.405,0.521,51.3,54.2,8.4,8.6,0.484,14.2,31.5,0.219
28,Boston University,33,15,18,0.455,-6.42,-5.2,7,11,7,7,8,10,2385,2387,68.1,105.9,0.318,0.397,0.569,48.5,52.4,8.8,8.3,0.539,16.4,24.7,0.232
29,Bowling Green State,34,22,12,0.647,4.53,1.15,12,6,14,2,5,8,2668,2496,72.8,100,0.301,0.435,0.529,46.5,47,8.9,7.2,0.5,15.8,23.8,0.209
30,Bradley,34,20,14,0.588,-0.29,-1.47,9,9,10,6,5,8,2264,2209,66.1,97.9,0.347,0.399,0.516,49.1,53.7,8.6,7.1,0.477,16.5,26.2,0.248
31,Brigham Young,32,19,13,0.594,6.39,3.54,11,5,13,3,5,8,2527,2436,71.9,104.6,0.354,0.366,0.545,51,51.1,7.9,7,0.507,15.5,26.8,0.26
32,Brown,30,19,11,0.633,-0.17,-3.49,7,7,12,3,7,8,2209,2045,72.7,93,0.304,0.415,0.506,49.7,50.1,9,9.2,0.476,18.7,25.2,0.207
33,Bryant,30,10,20,0.333,-14.88,-7.34,7,11,8,6,2,13,2088,2314,69.2,111.5,0.354,0.381,0.581,52.7,54.8,8.5,11.8,0.549,16.2,30.3,0.261
34,Bucknell,33,21,12,0.636,0.75,-2.77,13,5,12,3,7,8,2534,2418,71.4,102.3,0.324,0.346,0.525,50.2,49.8,9.5,9.2,0.492,14.6,27.4,0.228
35,Buffalo,34,31,3,0.912,15.99,2.17,16,2,14,0,12,3,2888,2398,74.7,94,0.311,0.365,0.506,47.5,40.4,6.9,8.3,0.473,18.2,26.2,0.215
36,Butler,32,16,16,0.5,9.77,8.49,7,11,12,4,2,9,2298,2257,67.2,104.2,0.359,0.397,0.557,51.5,49,7.8,10.8,0.527,17,27.1,0.25
37,Cal Poly,29,6,23,0.207,-13.72,-3.31,2,14,4,8,1,14,1930,2183,66.8,110.3,0.374,0.332,0.555,53.2,54.2,7.8,9.9,0.522,13.8,30.6,0.263
38,Cal State Bakersfield,31,16,15,0.516,-4.69,-2.08,7,9,9,4,5,9,2211,2207,67.5,104.3,0.513,0.415,0.566,46.5,56.5,7.7,6.5,0.516,18.2,28.2,0.375
39,Cal State Fullerton,33,16,17,0.485,-2.77,-0.81,10,6,9,3,4,11,2379,2348,70.4,99.2,0.341,0.338,0.515,49.6,48.8,7.7,6.6,0.483,15,25.3,0.232
40,Cal State Northridge,34,13,21,0.382,-6.33,-3.18,7,9,7,9,4,10,2601,2701,72.1,109,0.322,0.358,0.55,52.1,52.2,8.2,7.3,0.516,14.7,31.9,0.238
,,Overall,Overall,Overall,Overall,Overall,Overall,Conf.,Conf.,Home,Home,Away,Away,Points,Points,Opponent Advanced,Opponent Advanced,Opponent Advanced,Opponent Advanced,Opponent Advanced,Opponent Advanced,Opponent Advanced,Opponent Advanced,Opponent Advanced,Opponent Advanced,Opponent Advanced,Opponent Advanced,Opponent Advanced
Rk,School,G,W,L,W-L%,SRS,SOS,W,L,W,L,W,L,Tm.,Opp.,Pace,ORtg,FTr,3PAr,TS%,TRB%,AST%,STL%,BLK%,eFG%,TOV%,ORB%,FT/FGA
41,California Baptist,30,16,14,0.533,-3.8,-4.07,7,9,8,6,8,6,2348,2185,70.3,101.9,0.379,0.341,0.524,48,44.3,7.8,7.2,0.484,14.3,25.8,0.269
42,UC-Davis,31,11,20,0.355,-6,-1.24,7,9,7,6,3,12,2038,2128,67,100.8,0.38,0.377,0.551,53.5,52.1,9.4,9.4,0.52,19,27.7,0.261
43,UC-Irvine,35,30,5,0.857,5.85,-3,15,1,12,2,13,2,2551,2216,66.3,94.1,0.338,0.332,0.478,44.9,43.6,7.7,6.7,0.435,14.7,26.4,0.238
44,UC-Riverside,33,10,23,0.303,-10.87,-2.94,4,12,7,7,2,14,2153,2279,64.4,106.8,0.334,0.365,0.559,49.5,54,8.5,6.7,0.531,14.7,24.8,0.233
45,UC-Santa Barbara,32,22,10,0.688,-1.43,-5.36,10,6,12,3,7,6,2350,2114,66,99.3,0.313,0.36,0.513,45.2,46.8,6.6,7.8,0.482,14.7,25.5,0.215
46,University of California,31,8,23,0.258,-3.09,5.49,3,15,7,9,1,10,2121,2387,68.5,112,0.361,0.418,0.596,55.4,55.3,7.2,8.7,0.569,17.9,31.5,0.259
47,Campbell,33,20,13,0.606,-3.75,-4.52,12,4,12,4,5,7,2495,2328,68,103.3,0.341,0.414,0.556,52.2,50.9,8.3,6.9,0.522,17.6,27.1,0.25
48,Canisius,32,15,17,0.469,-8.6,-4.67,11,7,5,8,9,5,2250,2376,68.5,107.1,0.369,0.373,0.567,52.7,48.6,7.8,9.3,0.536,17.9,31.5,0.262
49,Central Arkansas,33,14,19,0.424,-11.03,-4.46,8,10,8,5,5,13,2383,2498,72,104.3,0.339,0.403,0.54,51.8,56.6,8.6,7.5,0.508,15.9,29.3,0.237
50,Central Connecticut State,31,11,20,0.355,-13.69,-6.38,5,13,5,7,5,12,2205,2367,70.4,106.7,0.367,0.445,0.555,49.9,58.5,9.5,10,0.521,16.1,29.5,0.26
51,Central Florida,31,23,8,0.742,12.48,4.64,13,5,15,2,5,5,2236,1993,67.2,95.4,0.296,0.383,0.483,48.5,54.3,8.3,8.1,0.455,15.5,29.3,0.191
52,Central Michigan,34,23,11,0.676,3.43,-0.24,10,8,13,4,7,5,2810,2590,73.3,102,0.282,0.361,0.524,50.2,41.6,6.9,12.2,0.498,16.6,32.2,0.193
53,Charleston Southern,32,17,15,0.531,-2.28,-4.31,9,7,11,4,4,10,2439,2230,71.9,96.2,0.307,0.421,0.536,49.1,55,9.4,9.5,0.507,20.4,27,0.214
54,Charlotte,29,8,21,0.276,-8.12,-0.67,5,13,5,9,3,9,1776,1992,65.8,104.3,0.326,0.423,0.549,51.7,52.6,10.5,12.8,0.513,15.8,26.1,0.242
55,Chattanooga,32,12,20,0.375,-7.49,-0.39,7,11,8,6,4,11,2268,2376,69.5,106.5,0.306,0.354,0.546,51.4,46.2,9.5,8.5,0.518,14.1,26.8,0.215
56,Chicago State,32,3,29,0.094,-24.43,1.07,0,16,3,8,0,19,1970,2710,72,117.7,0.328,0.437,0.591,55.5,55.8,10.5,7.7,0.569,14.6,33.1,0.227
57,Cincinnati,34,28,6,0.824,14.6,5.1,14,4,16,2,7,4,2438,2115,64.9,95.1,0.305,0.428,0.509,46.1,50.6,5.9,9.6,0.481,18.2,29.1,0.203
58,Citadel,30,12,18,0.4,-7.72,0.24,4,14,8,7,4,10,2553,2584,76.7,111.4,0.304,0.474,0.573,52.3,60.5,8.8,11.3,0.55,15.3,30.5,0.213
59,Clemson,33,20,13,0.606,14.85,9.61,9,9,13,4,4,6,2284,2111,67.3,95.1,0.304,0.395,0.512,47.3,44.5,8.4,8,0.475,17.5,24.5,0.222
60,Cleveland State,31,10,21,0.323,-7.88,-1.43,5,13,8,9,2,12,2300,2437,71.4,109.2,0.325,0.399,0.545,52.5,54.9,9.5,10.2,0.511,14.6,32.3,0.236
,,Overall,Overall,Overall,Overall,Overall,Overall,Conf.,Conf.,Home,Home,Away,Away,Points,Points,Opponent Advanced,Opponent Advanced,Opponent Advanced,Opponent Advanced,Opponent Advanced,Opponent Advanced,Opponent Advanced,Opponent Advanced,Opponent Advanced,Opponent Advanced,Opponent Advanced,Opponent Advanced,Opponent Advanced
Rk,School,G,W,L,W-L%,SRS,SOS,W,L,W,L,W,L,Tm.,Opp.,Pace,ORtg,FTr,3PAr,TS%,TRB%,AST%,STL%,BLK%,eFG%,TOV%,ORB%,FT/FGA
61,Coastal Carolina,31,15,16,0.484,-1.17,-2,9,9,9,4,5,10,2364,2265,70.7,102.6,0.415,0.457,0.543,47.2,53.6,9.3,9.1,0.505,16.5,27.5,0.289
62,Colgate,34,24,10,0.706,1.02,-4.41,13,5,15,1,9,9,2578,2381,67.9,102.1,0.289,0.405,0.532,47,51.6,10.4,9.3,0.502,15.6,26.1,0.206
63,College of Charleston,33,24,9,0.727,2.71,-2.6,12,6,13,2,8,5,2453,2265,66.3,102.8,0.265,0.431,0.548,49.6,51.6,7.8,8.2,0.519,16.9,25.8,0.195
64,Colorado State,32,12,20,0.375,0.19,1.71,7,11,8,9,3,8,2393,2406,68.9,108.7,0.294,0.413,0.557,50.2,53.1,8.4,6.3,0.529,14.1,26.6,0.211
65,Colorado,34,22,12,0.647,10.01,3.65,10,8,13,2,5,8,2517,2301,69.4,97.2,0.314,0.374,0.516,45.2,43.1,10,9,0.487,15.7,23.5,0.211
66,Columbia,28,10,18,0.357,-5.01,-1.97,5,9,5,7,4,9,2059,2052,69.4,102,0.382,0.409,0.548,50.3,48.1,8.7,8.3,0.512,17.4,25.9,0.271
67,Connecticut,33,16,17,0.485,6.7,4.21,6,12,13,5,1,8,2436,2354,69.7,101.9,0.392,0.337,0.539,49.3,52.9,8.9,8.7,0.496,17.5,30.1,0.287
68,Coppin State,33,8,25,0.242,-18.76,-6.97,7,9,3,7,4,16,2118,2507,71.9,104.8,0.336,0.401,0.534,51.2,55.3,10.3,8.5,0.502,14.6,28.4,0.234
69,Cornell,31,15,16,0.484,-6,-1.9,7,7,9,4,6,11,2149,2211,69.6,100.8,0.266,0.339,0.522,53.3,43.3,8.8,11.4,0.494,15.5,27.3,0.187
70,Creighton,33,19,14,0.576,12.56,8.91,9,9,11,6,4,7,2590,2423,70.1,103.2,0.275,0.403,0.551,50,51.8,8.9,10.8,0.529,17,26.3,0.187
71,Dartmouth,30,11,19,0.367,-5.61,-2.86,2,12,8,6,2,12,2160,2116,68.3,102.5,0.262,0.339,0.541,49.7,45.4,9.1,8.9,0.516,14.9,23.5,0.185
72,Davidson,34,24,10,0.706,6.63,2.2,14,4,14,1,7,5,2409,2229,66.1,98.8,0.294,0.438,0.513,49.1,54.9,7.7,7.4,0.481,14.9,24.4,0.209
73,Dayton,33,21,12,0.636,9.91,3.16,13,5,13,4,7,3,2406,2183,66.2,98.8,0.238,0.405,0.505,48,51.7,8,8.1,0.479,14.6,27.1,0.167
74,Delaware State,31,6,25,0.194,-26.8,-10.11,2,14,3,9,2,15,1956,2371,72.6,105.3,0.377,0.392,0.553,53.3,58.2,9.5,11,0.517,17.2,30.7,0.27
75,Delaware,33,17,16,0.515,-7.56,-4.46,8,10,9,7,7,8,2352,2380,64.7,108.2,0.277,0.379,0.543,51.2,50.9,8.1,8.9,0.513,13.1,27.9,0.202
76,Denver,30,8,22,0.267,-11.69,-2.82,3,13,6,7,1,14,2086,2319,69.1,111.5,0.282,0.435,0.585,48.5,52.1,8.5,7.2,0.561,14.3,22.9,0.204
77,DePaul,30,15,15,0.5,6.82,5.05,7,11,12,6,3,8,2306,2253,71,105.3,0.313,0.429,0.559,45.9,52.9,9.5,8.2,0.525,15.8,24.7,0.234
78,Detroit Mercy,31,11,20,0.355,-6.25,-0.29,8,10,6,6,4,14,2279,2464,70.4,112.8,0.327,0.41,0.574,54.3,67.8,8,10.1,0.544,16.8,35.8,0.238
79,Drake,33,24,9,0.727,3.29,-0.23,12,6,13,2,7,5,2490,2307,69.4,99.2,0.292,0.361,0.513,48.6,41.7,10.3,8.9,0.483,14.8,25.6,0.204
80,Drexel,32,13,19,0.406,-6.68,-2.59,7,11,9,7,3,11,2425,2475,70,110.5,0.302,0.342,0.567,48.1,47.2,8.7,9.4,0.546,13.3,25.6,0.204
,,Overall,Overall,Overall,Overall,Overall,Overall,Conf.,Conf.,Home,Home,Away,Away,Points,Points,Opponent Advanced,Opponent Advanced,Opponent Advanced,Opponent Advanced,Opponent Advanced,Opponent Advanced,Opponent Advanced,Opponent Advanced,Opponent Advanced,Opponent Advanced,Opponent Advanced,Opponent Advanced,Opponent Advanced
Rk,School,G,W,L,W-L%,SRS,SOS,W,L,W,L,W,L,Tm.,Opp.,Pace,ORtg,FTr,3PAr,TS%,TRB%,AST%,STL%,BLK%,eFG%,TOV%,ORB%,FT/FGA
81,Duke,34,29,5,0.853,28.34,12.4,14,4,15,2,7,2,2839,2297,73.7,91.3,0.24,0.347,0.475,46.1,48.7,8.8,8,0.446,17.1,29.6,0.166
82,Duquesne,32,19,13,0.594,0.72,-0.44,10,8,14,4,4,6,2351,2314,70.5,101.4,0.319,0.346,0.528,51.8,55.4,9.6,11.2,0.499,18.3,34.7,0.217
83,East Carolina,31,10,21,0.323,-5.63,1.18,3,15,8,9,1,11,2088,2299,69.9,104.8,0.418,0.371,0.547,52.1,54.3,9.4,9.7,0.51,16.9,30.9,0.292
84,East Tennessee State,33,24,9,0.727,5.99,-1.5,13,5,13,2,8,6,2613,2269,70,97.1,0.299,0.407,0.534,42.5,52.2,9.5,8.9,0.507,18.5,23.1,0.205
85,Eastern Illinois,32,14,18,0.438,-11.77,-4.96,7,11,7,6,5,10,2299,2457,69,108.7,0.333,0.406,0.559,50.8,56.6,9.8,8.9,0.531,16.2,30.3,0.235
86,Eastern Kentucky,31,13,18,0.419,-7.33,-2.4,6,12,9,5,3,11,2562,2577,79.9,101.9,0.397,0.346,0.561,52.5,51.9,8.3,9,0.525,19.8,29.8,0.285
87,Eastern Michigan,32,15,17,0.469,0.8,4.83,9,9,11,7,4,10,2203,2213,66.5,102.8,0.3,0.424,0.529,49,67.9,10,8.3,0.502,17.6,33.7,0.204
88,Eastern Washington,34,16,18,0.471,-6.81,-4.21,12,8,9,4,4,13,2460,2527,69.5,105.4,0.346,0.395,0.559,50.1,51.5,8.5,8.8,0.527,15.3,23.3,0.248
89,Elon,32,11,21,0.344,-11.12,-3.15,7,11,5,11,6,7,2266,2445,69,109.9,0.288,0.398,0.556,52,51.8,9.8,7,0.527,13.5,27.6,0.21
90,Evansville,32,11,21,0.344,-3.7,0.26,5,13,9,7,2,13,2234,2317,70.8,101.1,0.36,0.325,0.53,52.7,45.4,7.8,9.3,0.498,15.5,25.2,0.245
91,Fairfield,31,9,22,0.29,-10.11,-7.04,6,12,5,7,3,13,2072,2167,68.1,102.6,0.401,0.356,0.56,52.4,51.5,9.5,10.7,0.526,18.9,28.6,0.282
92,Fairleigh Dickinson,34,21,13,0.618,-5.66,-8.04,12,6,13,4,7,9,2571,2428,68.7,102.5,0.299,0.389,0.537,50.3,51.6,8.8,8.9,0.51,18,31.7,0.208
93,Florida A&M,31,12,19,0.387,-13.54,-8.06,9,7,6,3,6,14,1927,2057,67.1,98.6,0.402,0.372,0.525,52.1,50.1,10.2,7.6,0.484,19,32.1,0.282
94,Florida Atlantic,32,17,15,0.531,-1.02,-1.44,8,10,9,5,6,8,2256,2175,70.4,95.5,0.309,0.411,0.506,47.4,49.7,10.7,7.1,0.474,16.6,25.2,0.213
95,Florida Gulf Coast,32,14,18,0.438,-4.94,-1.31,9,7,10,4,4,10,2280,2360,71.1,103.7,0.272,0.407,0.542,51.7,56.9,9.9,9.7,0.516,17,30.4,0.191
96,Florida International,32,19,13,0.594,-3.76,-1.3,10,8,12,4,5,8,2643,2555,80.7,98.9,0.34,0.367,0.547,54.5,50.7,8.6,11.5,0.517,21.3,33.1,0.236
97,Florida State,34,27,7,0.794,18.37,10.58,13,5,15,1,6,4,2547,2282,69.2,95.6,0.361,0.388,0.515,46.7,44.2,7.8,8.3,0.473,18,26.9,0.262
98,Florida,34,19,15,0.559,15.74,11.12,9,9,9,6,5,6,2321,2164,64.8,97.2,0.337,0.38,0.517,50.4,48.8,9.4,8.9,0.484,19.4,31.7,0.232
99,Fordham,32,12,20,0.375,-4.76,-2.15,3,15,9,10,3,8,2108,2141,66.4,99.6,0.368,0.367,0.528,52.5,61.8,8.3,8.6,0.492,17.1,27.5,0.256
100,Fresno State,32,23,9,0.719,9.32,1,13,5,13,4,7,3,2448,2162,69.6,96.7,0.345,0.412,0.519,49,51.9,8.1,10.6,0.482,17.4,25.5,0.244
,,Overall,Overall,Overall,Overall,Overall,Overall,Conf.,Conf.,Home,Home,Away,Away,Points,Points,Opponent Advanced,Opponent Advanced,Opponent Advanced,Opponent Advanced,Opponent Advanced,Opponent Advanced,Opponent Advanced,Opponent Advanced,Opponent Advanced,Opponent Advanced,Opponent Advanced,Opponent Advanced,Opponent Advanced
Rk,School,G,W,L,W-L%,SRS,SOS,W,L,W,L,W,L,Tm.,Opp.,Pace,ORtg,FTr,3PAr,TS%,TRB%,AST%,STL%,BLK%,eFG%,TOV%,ORB%,FT/FGA
101,Furman,32,25,7,0.781,8,-1.49,13,5,13,2,11,4,2492,2106,68.3,94.9,0.234,0.388,0.502,48.8,46.9,10.5,10.8,0.478,18,29.1,0.159
102,Gardner-Webb,34,23,11,0.676,-3.05,-5.4,11,6,13,0,8,9,2662,2397,68.7,100.5,0.277,0.453,0.518,50.5,54.3,8.2,8.1,0.486,16.4,29.8,0.199
103,George Mason,33,18,15,0.545,1.04,0.29,11,7,11,6,6,6,2314,2289,68.1,101.1,0.306,0.391,0.528,48.7,49.8,9.9,10.8,0.502,16,27.1,0.205
104,George Washington,33,9,24,0.273,-6.4,1.45,4,14,6,11,2,10,2097,2356,67.5,104.2,0.302,0.402,0.535,52.6,54.7,9.9,9.1,0.512,15,28.4,0.199
105,Georgetown,32,19,13,0.594,7.53,5.91,9,9,13,5,5,6,2557,2505,73.4,103.8,0.302,0.405,0.532,47.8,54.4,10.3,9.1,0.501,14.2,25.8,0.215
106,Georgia Southern,33,21,12,0.636,3.96,0.34,12,6,10,4,7,7,2726,2489,75.3,99.4,0.303,0.382,0.536,49.3,48.2,7.4,7.5,0.506,18.3,27.8,0.214
107,Georgia State,33,24,9,0.727,3.1,0.35,13,5,13,1,7,7,2543,2407,71.4,102.2,0.311,0.451,0.528,54.3,58.4,7,9.6,0.497,18,33.8,0.218
108,Georgia Tech,32,14,18,0.438,7.51,8.73,6,12,11,7,3,9,2091,2130,68.1,97.3,0.348,0.377,0.495,51.7,61.1,10.3,9.5,0.457,16,31.6,0.24
109,Georgia,32,11,21,0.344,5.62,8.43,2,16,8,9,2,9,2274,2364,70.4,104.9,0.299,0.358,0.516,47.9,45.3,10.7,9,0.485,13.2,31,0.21
110,Gonzaga,33,30,3,0.909,28.23,4.44,16,0,17,0,9,1,2932,2147,71.6,90.9,0.251,0.346,0.473,45.7,41.1,7.2,4.9,0.442,16.5,27.1,0.175
111,Grambling,33,17,16,0.515,-9.96,-9.59,10,8,11,3,6,11,2353,2262,71.5,95.1,0.414,0.361,0.486,49.3,51.4,9.7,8.5,0.442,15.7,28.5,0.28
112,Grand Canyon,33,20,13,0.606,4.49,-1.45,10,6,12,2,5,7,2497,2276,69.4,98.6,0.302,0.357,0.531,47.9,43.3,7.7,8.1,0.5,17.5,25.1,0.216
113,Green Bay,33,17,16,0.515,-3.31,-0.01,10,8,12,3,4,12,2653,2633,76.4,103.7,0.321,0.404,0.548,52.4,49.8,9,6.9,0.517,17.5,29.4,0.229
114,Hampton,31,15,16,0.484,-4.28,-5.35,9,7,10,3,5,11,2533,2380,72.8,103,0.353,0.397,0.533,49.8,52.9,6.4,8.8,0.496,15,27.3,0.252
115,Hartford,33,18,15,0.545,-3.68,-4.62,10,6,10,4,8,9,2477,2407,68,105.3,0.301,0.399,0.551,52.6,50.4,8.5,11.3,0.52,17,30.8,0.219
116,Harvard,29,18,11,0.621,1.38,0.17,10,4,9,2,7,8,2074,2028,68.5,100,0.337,0.381,0.537,46.8,49.4,10.8,8.7,0.503,16.2,22.8,0.239
117,Hawaii,31,18,13,0.581,-1.06,-3.37,9,7,12,5,4,5,2241,2131,67.6,100.9,0.325,0.346,0.534,48.9,45.5,8.4,7.1,0.507,15.7,24.3,0.22
118,High Point,31,16,15,0.516,-5.77,-4.53,9,7,9,4,5,8,2115,2105,65.5,102.5,0.289,0.47,0.528,45,52.3,8.5,10.6,0.499,14.5,24.9,0.202
119,Hofstra,35,27,8,0.771,5.04,-4.16,15,3,15,1,10,5,2919,2553,68.3,103.9,0.252,0.37,0.54,49.7,53.6,6.6,7.3,0.516,16,29.2,0.176
120,Holy Cross,33,16,17,0.485,-6.27,-3.85,6,12,8,6,6,11,2216,2296,65,105.8,0.268,0.434,0.564,56.5,56.1,8.7,7.9,0.538,19.1,32.7,0.196
,,Overall,Overall,Overall,Overall,Overall,Overall,Conf.,Conf.,Home,Home,Away,Away,Points,Points,Opponent Advanced,Opponent Advanced,Opponent Advanced,Opponent Advanced,Opponent Advanced,Opponent Advanced,Opponent Advanced,Opponent Advanced,Opponent Advanced,Opponent Advanced,Opponent Advanced,Opponent Advanced,Opponent Advanced
Rk,School,G,W,L,W-L%,SRS,SOS,W,L,W,L,W,L,Tm.,Opp.,Pace,ORtg,FTr,3PAr,TS%,TRB%,AST%,STL%,BLK%,eFG%,TOV%,ORB%,FT/FGA
121,Houston Baptist,30,12,18,0.4,-9,-5.18,8,10,9,4,3,13,2465,2484,75,108.1,0.346,0.342,0.591,47.8,53.3,9.7,9.2,0.56,18.4,28.1,0.256
122,Houston,34,31,3,0.912,18.23,3.85,16,2,19,1,10,1,2571,2082,67.6,90.6,0.376,0.411,0.47,45.1,50.1,7.9,6.7,0.424,15.8,25.9,0.26
123,Howard,33,17,16,0.515,-12.36,-9.79,10,6,6,8,9,7,2612,2580,74.7,103.8,0.371,0.382,0.543,51.6,53.4,7.6,6.2,0.504,17.3,32.4,0.269
124,Idaho State,30,11,19,0.367,-13.15,-4.79,7,13,6,7,5,11,2198,2369,68.9,114.6,0.3,0.377,0.58,51.4,53.2,7.5,7.9,0.552,13.2,28.6,0.222
125,Idaho,32,5,27,0.156,-18.72,-6.16,2,18,4,11,1,13,2174,2460,67.9,112.7,0.316,0.434,0.551,52.3,57.9,9.3,8.2,0.523,12,30.4,0.222
126,Illinois-Chicago,32,16,16,0.5,-3.14,-1.97,10,8,12,4,4,12,2391,2385,71.5,103,0.414,0.378,0.528,51.6,53.9,8.9,9.2,0.483,15.5,30.1,0.298
127,Illinois State,33,17,16,0.515,-1.86,0.46,9,9,12,4,2,10,2257,2314,67.9,102.5,0.327,0.407,0.542,50.5,56.1,8.5,7.4,0.51,16,25.5,0.232
128,Illinois,33,12,21,0.364,9.47,12.05,7,13,9,6,1,9,2398,2483,71,104.8,0.424,0.354,0.564,52.5,53.1,8.1,9.7,0.522,19,31.9,0.312
129,Incarnate Word,31,6,25,0.194,-18.68,-4.87,1,17,5,9,0,14,2044,2355,66.6,112.7,0.369,0.397,0.596,53.3,52.9,11.4,8.7,0.564,17.4,32.1,0.272
130,Indiana State,31,15,16,0.484,-2.59,0.76,7,11,9,5,4,9,2146,2218,69.3,102.4,0.372,0.374,0.552,51.6,52.6,8.4,8.3,0.514,17.3,26.5,0.269
131,Indiana,33,18,15,0.545,14.81,10.66,8,12,13,5,3,9,2378,2241,68.3,97.9,0.286,0.375,0.507,49.1,54.3,8.5,9.5,0.484,15.8,28.3,0.184
132,Iona,32,17,15,0.531,-5.04,-6.26,12,6,8,3,5,9,2459,2420,71.3,106,0.288,0.429,0.547,51.5,55.8,7.7,11.4,0.523,16.1,29.4,0.197
133,Iowa State,34,23,11,0.676,18.14,9.02,9,9,12,4,5,6,2633,2323,68.4,100,0.236,0.393,0.512,49.5,49.9,7.6,7.5,0.485,15.9,30,0.169
134,Iowa,33,22,11,0.667,14.44,9.78,10,10,14,4,4,6,2584,2430,70.3,104,0.288,0.414,0.54,49.3,59.1,9.4,7.8,0.516,16.1,29.1,0.197
135,Purdue-Fort Wayne,33,18,15,0.545,-3.3,-3.44,9,7,11,5,6,9,2728,2556,73.5,104.7,0.239,0.387,0.548,51.1,46.4,7.6,8.5,0.526,15.8,27.8,0.169
136,IUPUI,33,16,17,0.485,-2.73,-3.05,8,10,11,4,3,12,2507,2429,71.6,102.8,0.318,0.394,0.548,46.8,52.4,9.8,10.9,0.519,17.2,27.3,0.223
137,Jackson State,32,13,19,0.406,-14.61,-9.35,10,8,9,4,3,14,1974,2107,67.4,97.4,0.44,0.368,0.529,49.4,54.3,11,9.7,0.486,18.3,25.9,0.307
138,Jacksonville State,33,24,9,0.727,1.64,-5.42,15,3,11,1,10,7,2574,2283,71.3,95.2,0.295,0.414,0.519,45.7,48.9,9.1,5.9,0.483,18.3,25.1,0.216
139,Jacksonville,32,12,20,0.375,-8.16,-4.62,5,11,5,8,6,11,2385,2402,73.3,102,0.286,0.348,0.54,49.5,45.8,9.8,8.9,0.514,16.3,26.9,0.2
140,James Madison,33,14,19,0.424,-8.21,-3.76,6,12,8,6,4,11,2322,2409,66,108.2,0.334,0.35,0.553,49.4,53.3,8.5,8.8,0.522,14.7,29.2,0.239
,,Overall,Overall,Overall,Overall,Overall,Overall,Conf.,Conf.,Home,Home,Away,Away,Points,Points,Opponent Advanced,Opponent Advanced,Opponent Advanced,Opponent Advanced,Opponent Advanced,Opponent Advanced,Opponent Advanced,Opponent Advanced,Opponent Advanced,Opponent Advanced,Opponent Advanced,Opponent Advanced,Opponent Advanced
Rk,School,G,W,L,W-L%,SRS,SOS,W,L,W,L,W,L,Tm.,Opp.,Pace,ORtg,FTr,3PAr,TS%,TRB%,AST%,STL%,BLK%,eFG%,TOV%,ORB%,FT/FGA
141,Kansas State,33,25,8,0.758,15.78,9.2,14,4,13,2,7,5,2172,1955,65,91.2,0.305,0.428,0.509,49.2,55,9.5,8.4,0.481,20.3,25.5,0.203
142,Kansas,34,25,9,0.735,18.08,12.78,12,6,16,0,3,8,2563,2383,70.3,98.6,0.277,0.415,0.505,48.3,52.8,9.1,9,0.478,15.7,28.4,0.189
143,Kennesaw State,32,6,26,0.188,-16.1,-0.97,3,13,6,8,0,15,2030,2455,70.9,107.8,0.281,0.373,0.557,51.3,56.2,10.1,8.2,0.532,15.1,29.4,0.197
144,Kent State,32,22,10,0.688,1.88,0.88,11,7,14,3,8,6,2404,2330,69.4,104,0.348,0.38,0.548,49,51.1,8.3,8.5,0.519,17.2,29.9,0.24
145,Kentucky,33,27,6,0.818,21.76,10.46,15,3,17,1,8,2,2532,2159,67.9,96,0.271,0.383,0.501,43.4,48.2,8.3,7.7,0.47,16.1,25.8,0.191
146,La Salle,31,10,21,0.323,-3.33,1.58,8,10,5,9,3,8,2091,2243,69.5,104.1,0.413,0.332,0.552,51.1,53,9.2,9.7,0.513,17.4,28.9,0.296
147,Lafayette,30,10,20,0.333,-11.01,-4.77,7,11,4,11,6,9,2209,2349,70.4,109.4,0.307,0.356,0.567,51.7,44.5,8.8,6.5,0.54,13.9,26.4,0.218
148,Lamar,33,20,13,0.606,-5.72,-7,12,6,13,2,6,10,2597,2322,71.3,97.2,0.34,0.377,0.538,45.1,60.1,8.8,8.9,0.505,19.5,26.4,0.24
149,Lehigh,31,20,11,0.645,-2.16,-4.29,12,6,11,3,9,8,2479,2413,72.4,106.6,0.305,0.425,0.537,49.5,57,9.5,10.2,0.503,13.6,27.4,0.224
150,Liberty,34,28,6,0.824,4.78,-5.12,14,2,16,1,11,3,2516,2066,65.3,93,0.308,0.378,0.505,48.3,46,8,8.3,0.476,18.5,25.1,0.206
151,Lipscomb,33,26,7,0.788,8.79,-2.63,14,2,14,3,11,4,2759,2290,74.8,92.8,0.283,0.392,0.515,46.8,49.8,8.6,9.9,0.478,18.8,22.3,0.212
152,Long Beach State,34,15,19,0.441,-4.36,-0.23,8,8,9,5,4,12,2545,2584,73.3,102.5,0.3,0.355,0.53,51.3,48.2,10.4,8.4,0.503,16.7,31.8,0.206
153,Long Island University,32,16,16,0.5,-8.67,-8.77,9,9,8,5,7,9,2373,2337,72.9,99.8,0.35,0.326,0.515,49.9,48.8,9.4,11.2,0.477,16.1,28.9,0.248
154,Longwood,32,15,17,0.469,-9.86,-7.45,5,11,9,5,5,11,2228,2243,68.9,100.6,0.322,0.495,0.535,49.2,57,8.3,12.1,0.494,16.4,24.4,0.244
155,Louisiana,32,19,13,0.594,-1.86,-1.29,10,8,10,4,7,7,2612,2575,74.9,106.7,0.359,0.356,0.564,51.5,45.3,8.3,7.8,0.528,17.5,31.5,0.264
156,Louisiana-Monroe,33,18,15,0.545,1.04,-1.77,9,9,13,2,4,12,2584,2452,69.2,106.6,0.284,0.392,0.55,50.6,49.3,7.9,11.4,0.523,15.4,29.3,0.201
157,Louisiana State,32,26,6,0.813,17.24,8.9,16,2,15,2,9,1,2604,2337,70.5,100.8,0.342,0.391,0.533,46.5,43.5,9,7.2,0.502,18,30.4,0.236
158,Louisiana Tech,33,20,13,0.606,1.27,-1.99,9,9,15,1,4,10,2386,2235,68,98.5,0.295,0.392,0.521,49.4,56.5,8.2,9.7,0.492,17,27.8,0.203
159,Louisville,33,20,13,0.606,18.45,11.72,10,8,14,4,5,6,2460,2238,68.5,97.5,0.317,0.369,0.499,47.5,48.5,8.4,10.6,0.464,14.3,25.8,0.221
160,Loyola (IL),34,20,14,0.588,4.21,0.06,12,6,13,4,5,6,2231,2066,63.7,95.4,0.234,0.391,0.532,49.5,51.7,9,12.4,0.508,18.7,21.3,0.166
,,Overall,Overall,Overall,Overall,Overall,Overall,Conf.,Conf.,Home,Home,Away,Away,Points,Points,Opponent Advanced,Opponent Advanced,Opponent Advanced,Opponent Advanced,Opponent Advanced,Opponent Advanced,Opponent Advanced,Opponent Advanced,Opponent Advanced,Opponent Advanced,Opponent Advanced,Opponent Advanced,Opponent Advanced
Rk,School,G,W,L,W-L%,SRS,SOS,W,L,W,L,W,L,Tm.,Opp.,Pace,ORtg,FTr,3PAr,TS%,TRB%,AST%,STL%,BLK%,eFG%,TOV%,ORB%,FT/FGA
161,Loyola Marymount,31,20,11,0.645,3.09,1.19,8,8,11,4,7,6,2094,1951,65.3,96.4,0.354,0.425,0.534,47.4,66.5,8.9,9.6,0.49,19.4,25.6,0.269
162,Loyola (MD),32,11,21,0.344,-8.95,-4.42,7,11,7,5,3,16,2332,2477,70.4,108.7,0.323,0.355,0.59,51.7,56,10.2,11.5,0.556,18.2,29.2,0.249
163,Maine,32,5,27,0.156,-14.89,-3.99,3,13,3,9,2,18,1988,2271,64.6,107.3,0.385,0.477,0.578,51.2,64.7,10.9,7,0.547,17.5,27.2,0.273
164,Manhattan,32,11,21,0.344,-12.79,-7.22,8,10,4,9,4,11,1833,2011,62.7,99.8,0.456,0.419,0.552,51,59.4,9.9,12,0.51,20.6,29.1,0.323
165,Marist,31,12,19,0.387,-9.36,-7.4,7,11,4,7,6,11,2086,2147,65.6,104.8,0.36,0.478,0.56,51.2,56.2,8.5,10.2,0.53,17.1,26.3,0.252
166,Marquette,33,24,9,0.727,16.11,7.48,12,6,16,3,6,4,2565,2280,70.6,96.8,0.357,0.357,0.496,46.9,50.1,9.8,8.8,0.459,14.5,26.3,0.243
167,Marshall,34,20,14,0.588,-1.16,0.02,11,7,12,3,6,10,2725,2765,76.1,105.8,0.334,0.351,0.561,55.9,44.8,8.5,7.4,0.529,18.5,33,0.241
168,Maryland-Baltimore County,34,21,13,0.618,-5.65,-5.65,11,5,13,4,6,8,2296,2177,65.8,94.5,0.319,0.493,0.533,49.7,53.9,8.4,7.9,0.5,20.7,23.9,0.228
169,Maryland-Eastern Shore,32,7,25,0.219,-24.07,-7.77,5,11,5,7,2,17,1833,2291,65.5,108.9,0.368,0.444,0.565,54.5,59.7,9.8,9.3,0.538,16.6,31.2,0.252
170,Maryland,32,22,10,0.688,16.71,10.43,13,7,15,3,6,5,2283,2082,66.3,98.2,0.265,0.394,0.493,43.9,52,10.7,9.8,0.459,12.5,24.7,0.191
171,Massachusetts-Lowell,32,15,17,0.469,-8.07,-6.73,7,9,8,5,5,12,2456,2420,71.9,104.4,0.325,0.356,0.539,50.2,46.8,9.9,9.8,0.507,15.7,29.3,0.23
172,Massachusetts,32,11,21,0.344,-2.81,0.04,4,14,9,8,1,11,2263,2354,68.4,106.7,0.414,0.348,0.555,48,59.9,9.7,10.4,0.512,14.9,27,0.304
173,McNeese State,31,9,22,0.29,-14.12,-5.86,5,13,7,8,2,14,2149,2303,68.4,108.2,0.268,0.4,0.555,49.4,56,10.2,7.7,0.528,15.4,29.9,0.196
174,Memphis,35,22,13,0.629,10.84,4.73,11,7,16,2,3,7,2815,2601,75.5,97.7,0.377,0.395,0.523,48.5,58.2,10.3,11.4,0.484,18.6,30.4,0.266
175,Mercer,31,11,20,0.355,-2.49,0.13,6,12,9,6,2,12,2248,2246,69.1,104.4,0.334,0.47,0.547,50.8,54.6,9.5,11.1,0.521,17.7,31.5,0.225
176,Miami (FL),32,14,18,0.438,10.01,9.32,5,13,11,5,0,10,2297,2275,68.5,103.4,0.227,0.394,0.544,52.3,53.4,8.3,8.7,0.52,17.3,29.8,0.165
177,Miami (OH),32,15,17,0.469,1.08,2.62,7,11,10,5,4,10,2267,2233,68.8,101.1,0.333,0.411,0.532,48,49.2,8.9,10.1,0.501,15.5,24.3,0.23
178,Michigan State,34,28,6,0.824,25.57,12.27,16,4,15,1,8,4,2680,2228,68.5,95,0.277,0.371,0.469,43.9,53.1,9.3,8.3,0.437,12.8,26.6,0.188
179,Michigan,34,28,6,0.824,22.66,10.83,15,5,17,1,7,4,2393,1991,65.4,89.6,0.249,0.291,0.468,49.8,45.3,5.7,9.8,0.441,16.1,25,0.163
180,Middle Tennessee,32,11,21,0.344,-5.75,1.79,8,10,9,5,2,11,2141,2313,70.3,102.9,0.332,0.404,0.535,47.7,52.5,10.9,8.6,0.501,15.4,26.9,0.235
,,Overall,Overall,Overall,Overall,Overall,Overall,Conf.,Conf.,Home,Home,Away,Away,Points,Points,Opponent Advanced,Opponent Advanced,Opponent Advanced,Opponent Advanced,Opponent Advanced,Opponent Advanced,Opponent Advanced,Opponent Advanced,Opponent Advanced,Opponent Advanced,Opponent Advanced,Opponent Advanced,Opponent Advanced
Rk,School,G,W,L,W-L%,SRS,SOS,W,L,W,L,W,L,Tm.,Opp.,Pace,ORtg,FTr,3PAr,TS%,TRB%,AST%,STL%,BLK%,eFG%,TOV%,ORB%,FT/FGA
181,Milwaukee,31,9,22,0.29,-8.8,-2.4,4,14,6,8,3,12,2146,2315,68.9,107.9,0.352,0.451,0.547,50.7,53.5,8.3,9.5,0.515,13.4,27.4,0.247
182,Minnesota,34,21,13,0.618,12.77,11.16,9,11,14,3,2,9,2407,2352,68,101.3,0.283,0.337,0.519,48.2,50.2,8.7,11.2,0.491,14.5,27.8,0.194
183,Mississippi State,33,23,10,0.697,16.76,9.54,10,8,14,3,5,5,2552,2314,68.5,101.5,0.317,0.362,0.534,47.2,50.1,8.6,10.3,0.501,17.1,29.8,0.225
184,Mississippi Valley State,32,6,26,0.188,-22.47,-6.98,4,14,6,6,0,20,2058,2498,70.6,110.1,0.316,0.377,0.561,52.4,53.5,8.4,9.6,0.536,15,30.8,0.219
185,Mississippi,32,20,12,0.625,13.26,8.23,10,8,11,5,6,5,2413,2252,69.2,101.3,0.332,0.349,0.537,48.9,55.6,8.7,9.9,0.506,18.2,29.5,0.233
186,Missouri-Kansas City,32,11,21,0.344,-6.26,-1.2,6,10,8,5,3,13,2220,2341,68.6,105.8,0.366,0.363,0.562,54.6,51.3,7.8,9.8,0.531,18.3,31.6,0.258
187,Missouri State,32,16,16,0.5,-1.01,-0.85,10,8,11,4,5,9,2206,2157,66.5,100.9,0.353,0.368,0.558,50.3,51.9,8.6,9,0.525,19.2,25.3,0.253
188,Missouri,32,15,17,0.469,8.91,9.47,5,13,9,7,2,8,2150,2168,66.1,101.8,0.381,0.407,0.534,47.1,49.2,9.1,11.3,0.494,16,25.7,0.273
189,Monmouth,35,14,21,0.4,-10.54,-4.72,10,8,6,6,5,11,2286,2490,68.4,102.5,0.432,0.514,0.55,50,58.8,10,9.6,0.512,18.5,28.4,0.302
190,Montana State,32,15,17,0.469,-7.83,-5.74,11,9,9,4,4,12,2502,2552,71.6,111.3,0.289,0.445,0.588,50.4,53.4,8.2,7,0.567,15.4,25.7,0.203
191,Montana,34,26,8,0.765,1.51,-5.84,16,4,12,2,9,5,2610,2323,68.5,99.4,0.357,0.366,0.536,48,45.1,8.1,8.1,0.493,17.5,24.7,0.268
192,Morehead State,33,13,20,0.394,-7.72,-1.75,8,10,7,7,4,11,2431,2543,70.6,108,0.28,0.374,0.553,51.2,50.1,8.3,12.8,0.523,15.6,30.6,0.208
193,Morgan State,30,9,21,0.3,-15.85,-10.49,4,12,6,7,2,13,2159,2304,73.8,103.1,0.397,0.372,0.562,52.8,53.4,7.7,11.5,0.533,20.5,34.3,0.268
194,Mount St. Mary's,31,9,22,0.29,-14.22,-5.66,6,12,4,9,5,13,2092,2286,69.5,106.1,0.335,0.389,0.547,52.6,54.6,8.9,9.5,0.513,15.8,30.8,0.241
195,Murray State,31,27,4,0.871,8.83,-4.38,16,2,15,1,10,3,2582,2101,71.7,94.5,0.284,0.35,0.495,47.4,45.2,8.1,8.9,0.46,17.2,29.3,0.204
196,Navy,31,12,19,0.387,-9.96,-3.86,8,10,8,6,4,13,2061,2250,68.3,106.2,0.297,0.429,0.553,47.6,62,10.8,11.9,0.521,14.8,25.3,0.22
197,Omaha,32,21,11,0.656,-2.21,-3.27,13,3,10,2,9,8,2523,2454,70,108.7,0.263,0.44,0.575,50.8,48.5,6.6,8.6,0.549,15.4,25.1,0.196
198,Nebraska,34,18,16,0.529,15.86,11.74,6,14,12,5,2,9,2434,2257,67.3,98.2,0.291,0.335,0.504,51.9,47.4,7.3,10,0.472,16.8,31.8,0.204
199,Nevada-Las Vegas,31,17,14,0.548,1.85,0.76,11,7,10,6,6,5,2276,2242,69,103.9,0.316,0.341,0.539,46.7,49.4,9.1,6.9,0.51,15.4,27.3,0.219
200,Nevada,33,29,4,0.879,16.58,2.58,15,3,15,0,9,3,2662,2200,71,93.9,0.276,0.399,0.503,48.3,52.1,6.4,7.2,0.476,17.1,24.6,0.185
,,Overall,Overall,Overall,Overall,Overall,Overall,Conf.,Conf.,Home,Home,Away,Away,Points,Points,Opponent Advanced,Opponent Advanced,Opponent Advanced,Opponent Advanced,Opponent Advanced,Opponent Advanced,Opponent Advanced,Opponent Advanced,Opponent Advanced,Opponent Advanced,Opponent Advanced,Opponent Advanced,Opponent Advanced
Rk,School,G,W,L,W-L%,SRS,SOS,W,L,W,L,W,L,Tm.,Opp.,Pace,ORtg,FTr,3PAr,TS%,TRB%,AST%,STL%,BLK%,eFG%,TOV%,ORB%,FT/FGA
201,New Hampshire,29,5,24,0.172,-18.48,-5.85,3,13,4,10,1,14,1742,1990,67.1,102.3,0.384,0.383,0.542,52.2,41.9,8,8.7,0.507,15.6,23,0.268
202,New Mexico State,34,30,4,0.882,10.11,-2.74,15,1,16,1,10,1,2657,2181,68.3,93.6,0.323,0.397,0.518,42.9,38.1,7,5.9,0.484,17.6,21,0.227
203,New Mexico,32,14,18,0.438,-0.24,1.92,7,11,9,7,4,9,2443,2454,74.5,103,0.368,0.337,0.543,49.8,56,9.4,9.6,0.511,16.2,27.3,0.252
204,New Orleans,32,19,13,0.594,-8.51,-6.23,12,6,12,3,5,9,2295,2230,70.7,97.1,0.365,0.34,0.528,50.4,54.1,11,10.2,0.49,20.9,33.2,0.259
205,Niagara,32,13,19,0.406,-11.21,-7.65,6,12,8,8,5,10,2318,2432,70.4,107.6,0.253,0.373,0.558,50.2,50.8,8,8.6,0.534,14.3,25.6,0.181
206,Nicholls State,31,14,17,0.452,-11.58,-6.69,7,11,9,4,3,13,2260,2302,71.2,103.5,0.339,0.34,0.53,54.3,55,6.7,9.8,0.496,16.4,32.6,0.238
207,NJIT,34,22,12,0.647,-3.21,-4.73,8,8,11,4,11,8,2402,2319,68.8,98.3,0.294,0.38,0.515,51.1,50.8,8.1,10.1,0.489,16,25.9,0.198
208,Norfolk State,34,21,13,0.618,-8.58,-9.8,14,2,11,2,8,7,2512,2348,71.9,95,0.418,0.419,0.513,49.8,56.6,6.8,8.8,0.474,18.9,27.9,0.281
209,North Alabama,32,10,22,0.313,-10.86,-1.55,7,9,8,4,2,18,2145,2358,71.1,103.2,0.386,0.37,0.551,50.6,51.6,9,13.2,0.517,16.1,25,0.271
210,North Carolina-Asheville,31,4,27,0.129,-19.88,-2.41,2,14,3,10,1,15,1857,2313,64.2,115.8,0.348,0.437,0.583,53.5,66.2,10.6,11.1,0.556,15.6,35.3,0.248
211,North Carolina A&T,32,19,13,0.594,-11.11,-9.74,13,3,11,2,7,10,2241,2209,67.9,100.9,0.312,0.37,0.519,52.2,54.7,8.7,9.6,0.485,17.6,33.6,0.22
212,North Carolina Central,33,18,15,0.545,-11.56,-11.4,10,6,10,2,4,12,2355,2188,68.6,96.3,0.3,0.351,0.516,45.3,53.3,8.7,10,0.489,17.3,26.3,0.2
213,North Carolina-Greensboro,35,29,6,0.829,4.73,-0.91,15,3,14,1,11,4,2669,2357,69.8,96.2,0.318,0.388,0.534,49,46.6,8.2,7.7,0.502,20.8,28.8,0.224
214,North Carolina State,34,23,11,0.676,16.1,6.87,9,9,15,4,4,6,2711,2397,71.7,97.6,0.394,0.341,0.527,46.9,52,8.7,9.7,0.488,18.9,28.5,0.277
215,North Carolina-Wilmington,33,10,23,0.303,-7.72,-1.65,5,13,5,9,2,12,2515,2670,70.3,113.9,0.32,0.43,0.584,47.6,48.5,8.8,6.1,0.556,13,26.1,0.234
216,North Carolina,33,27,6,0.818,25.28,12.16,16,2,14,2,11,1,2840,2407,76.1,95.5,0.289,0.425,0.512,43.8,54.6,8.8,11.1,0.483,16.5,23.1,0.197
217,North Dakota State,33,18,15,0.545,-3.95,-2.5,9,7,10,3,4,9,2416,2382,66.7,107.3,0.256,0.355,0.553,51.1,44.6,7.9,9,0.524,13.2,24.3,0.192
218,North Dakota,30,12,18,0.4,-8.56,-3.33,6,10,8,6,4,11,2220,2196,71.5,102.4,0.274,0.336,0.545,51.1,43.2,9.8,5.9,0.509,15.9,24.7,0.213
219,North Florida,33,16,17,0.485,-3.36,-0.59,9,7,10,3,5,13,2485,2531,74,103.2,0.291,0.292,0.515,50.2,55.9,12.4,9.4,0.484,14.8,32.3,0.203
220,North Texas,33,21,12,0.636,0.02,-3.21,8,10,12,4,6,7,2302,2077,67.5,92.9,0.37,0.37,0.5,46.8,49,9.6,12.3,0.465,17.8,25.2,0.247
,,Overall,Overall,Overall,Overall,Overall,Overall,Conf.,Conf.,Home,Home,Away,Away,Points,Points,Opponent Advanced,Opponent Advanced,Opponent Advanced,Opponent Advanced,Opponent Advanced,Opponent Advanced,Opponent Advanced,Opponent Advanced,Opponent Advanced,Opponent Advanced,Opponent Advanced,Opponent Advanced,Opponent Advanced
Rk,School,G,W,L,W-L%,SRS,SOS,W,L,W,L,W,L,Tm.,Opp.,Pace,ORtg,FTr,3PAr,TS%,TRB%,AST%,STL%,BLK%,eFG%,TOV%,ORB%,FT/FGA
221,Northeastern,33,23,10,0.697,4.87,-0.95,14,4,11,2,8,6,2511,2319,66.2,104.2,0.28,0.359,0.547,49.9,45.7,8,7.2,0.518,14.9,24.3,0.205
222,Northern Arizona,31,10,21,0.323,-10.7,-6.19,8,12,5,7,5,13,2262,2402,70,109.8,0.297,0.436,0.573,51.4,54,7.8,8.3,0.55,14.8,26.4,0.208
223,Northern Colorado,32,21,11,0.656,-3.97,-6.8,15,5,10,3,11,5,2450,2229,68.6,100.3,0.275,0.311,0.536,47.8,43.7,9.1,9.8,0.507,16.4,24.6,0.198
224,Northern Illinois,34,17,17,0.5,2.89,1.42,8,10,10,6,5,9,2506,2413,68.4,102.6,0.383,0.449,0.544,49.1,56,7.3,7.3,0.513,16.4,25.6,0.259
225,Northern Iowa,34,16,18,0.471,-1.31,0.85,9,9,9,5,3,9,2215,2230,65.8,99.7,0.317,0.383,0.538,50,48.9,9.9,7.7,0.504,16.6,22.3,0.228
226,Northern Kentucky,34,26,8,0.765,4.53,-3.22,13,5,17,1,7,7,2690,2338,69.9,97.7,0.349,0.393,0.518,46.9,50.9,8.3,10.7,0.478,16.8,25.9,0.252
227,Northwestern State,31,11,20,0.355,-16.89,-5.82,6,12,8,7,3,13,2051,2280,70.7,103.2,0.357,0.375,0.534,52.2,56.1,11,10.2,0.502,17.1,33.4,0.245
228,Northwestern,32,13,19,0.406,10.46,9.65,4,16,10,8,1,9,2108,2082,66.8,96.6,0.34,0.32,0.506,51.6,56.5,8.5,9.6,0.467,15.8,26.3,0.243
229,Notre Dame,33,14,19,0.424,8.55,8.85,3,15,11,8,1,9,2266,2276,66.4,103.8,0.218,0.367,0.514,51.6,49.1,7.4,8.5,0.49,14,31.1,0.155
230,Oakland,33,16,17,0.485,-2.18,-1.4,11,7,10,6,6,10,2534,2515,69.9,108.6,0.275,0.368,0.554,52.6,55.7,9.2,9.3,0.526,15,31.7,0.201
231,Ohio State,33,19,14,0.576,14.42,10.99,8,12,12,6,4,7,2298,2185,66.8,98.7,0.318,0.374,0.522,49,50.8,8.9,9.4,0.482,16.3,26.1,0.236
232,Ohio,31,14,17,0.452,-1.6,3.4,6,12,11,5,3,10,2174,2288,71.5,102,0.307,0.391,0.536,49.1,51.4,10.6,6.1,0.506,16.3,26.8,0.217
233,Oklahoma State,32,12,20,0.375,8.01,11.45,5,13,8,7,2,10,2178,2288,67.1,106.1,0.315,0.423,0.54,51.4,55.1,8.7,10.4,0.503,15.2,29.4,0.235
234,Oklahoma,32,19,13,0.594,14.7,11.76,7,11,11,4,5,7,2277,2183,69.8,97.4,0.241,0.41,0.495,49.6,50,9.7,9.4,0.471,15.1,27.7,0.162
235,Old Dominion,34,26,8,0.765,3.96,-1.48,13,5,14,2,8,4,2252,2067,65.5,92.9,0.324,0.401,0.489,46.6,52.8,7.4,6.8,0.456,16.3,24.8,0.216
236,Oral Roberts,32,11,21,0.344,-9.25,-1.82,7,9,7,6,3,13,2314,2483,69.1,111.8,0.327,0.397,0.57,47.9,56.6,9.8,7.9,0.536,13,26,0.245
237,Oregon State,31,18,13,0.581,7.91,4.36,10,8,10,5,6,5,2275,2165,67.2,103,0.335,0.374,0.529,48.3,52.2,8.9,7.7,0.502,15.3,28.9,0.224
238,Oregon,35,23,12,0.657,12.79,5.25,10,8,13,4,5,7,2467,2203,65.9,94.9,0.353,0.452,0.507,48.6,55.7,7.9,8,0.468,18.3,28.1,0.248
239,Pacific,32,14,18,0.438,-2.2,2.23,4,12,9,7,5,10,2138,2241,66.7,104.2,0.413,0.434,0.574,48.8,48,8.8,10.9,0.542,17.8,22.8,0.29
240,Penn State,32,14,18,0.438,13.05,12.02,7,13,9,6,3,9,2229,2196,68.2,99.5,0.341,0.333,0.535,48.4,49.9,9.8,9.2,0.499,17.4,25.9,0.245
,,Overall,Overall,Overall,Overall,Overall,Overall,Conf.,Conf.,Home,Home,Away,Away,Points,Points,Opponent Advanced,Opponent Advanced,Opponent Advanced,Opponent Advanced,Opponent Advanced,Opponent Advanced,Opponent Advanced,Opponent Advanced,Opponent Advanced,Opponent Advanced,Opponent Advanced,Opponent Advanced,Opponent Advanced
Rk,School,G,W,L,W-L%,SRS,SOS,W,L,W,L,W,L,Tm.,Opp.,Pace,ORtg,FTr,3PAr,TS%,TRB%,AST%,STL%,BLK%,eFG%,TOV%,ORB%,FT/FGA
241,Pennsylvania,31,19,12,0.613,2.21,-0.59,7,7,10,4,8,5,2250,2117,69.1,96.8,0.257,0.328,0.513,50.2,40.5,9.1,8.4,0.488,16.8,25.6,0.176
242,Pepperdine,34,16,18,0.471,1.1,0.82,6,10,9,5,2,11,2572,2529,70.7,104.5,0.357,0.397,0.563,52.6,55.4,8.7,9.6,0.534,18.4,29.3,0.251
243,Pittsburgh,33,14,19,0.424,8.49,7.31,3,15,11,7,0,11,2306,2267,68.6,99.4,0.329,0.405,0.515,50.1,58.8,9.5,15.1,0.477,18,32.7,0.236
244,Portland State,32,16,16,0.5,-8.96,-5.79,11,9,12,4,3,10,2475,2404,72.2,103.3,0.435,0.36,0.563,45.3,54.5,8.2,8.7,0.525,18.3,26.6,0.308
245,Portland,32,7,25,0.219,-10.58,0.72,0,16,6,11,1,12,2078,2389,68.4,108.2,0.337,0.407,0.552,53.7,61,9.3,10.4,0.52,14.2,28.9,0.241
246,Prairie View,35,22,13,0.629,-7.33,-9.21,17,1,11,0,9,12,2627,2547,72.5,100.4,0.464,0.36,0.553,53.3,51.6,6.9,11.2,0.514,21.7,34.1,0.321
247,Presbyterian,33,18,15,0.545,-3.36,-5.5,9,7,12,3,6,11,2601,2389,69.5,103.7,0.331,0.426,0.552,50.3,49.7,6.6,8.2,0.524,17,25.8,0.231
248,Princeton,28,16,12,0.571,-3.25,-0.71,8,6,7,5,8,6,1948,1951,69.8,98.5,0.288,0.362,0.523,49.7,43.4,9.3,11.4,0.49,15.7,24.3,0.209
249,Providence,34,18,16,0.529,8.81,7.22,7,11,11,6,5,6,2428,2374,68.8,99.6,0.328,0.374,0.533,48.9,50.8,9.8,8.4,0.497,17.7,27.9,0.239
250,Purdue,32,23,9,0.719,21.31,11.93,16,4,15,0,6,6,2438,2138,66.3,99.9,0.327,0.43,0.532,46.2,55.2,7.2,11.4,0.495,17.2,26.5,0.24
251,Quinnipiac,31,16,15,0.516,-6.62,-7.88,11,7,7,7,9,6,2294,2255,67.6,105.1,0.27,0.369,0.528,49.2,45.4,8.6,11.5,0.507,13.6,28.7,0.176
252,Radford,33,22,11,0.667,1.21,-2.02,12,4,11,3,9,7,2440,2247,66.4,101.7,0.3,0.448,0.542,47.3,50.1,6.7,8.8,0.51,16.3,24,0.218
253,Rhode Island,33,18,15,0.545,3.09,1.45,9,9,9,5,5,7,2293,2239,68.2,98.4,0.357,0.377,0.527,48.8,52.6,8.4,8.9,0.487,17.7,27.6,0.259
254,Rice,32,13,19,0.406,-6.34,-1.84,8,10,9,7,4,11,2367,2481,71.7,106,0.3,0.394,0.546,48.7,51.7,8.5,10.1,0.516,13.8,23.9,0.216
255,Richmond,33,13,20,0.394,-1.19,-0.61,6,12,7,10,4,7,2314,2333,66.6,106.1,0.287,0.381,0.554,55.1,48.1,8.4,9.6,0.531,16.3,29.7,0.196
256,Rider,31,16,15,0.516,-4.86,-6.4,11,7,9,3,6,10,2381,2333,74.1,101.1,0.36,0.434,0.562,49.6,57.7,8.1,9,0.537,20.2,27.1,0.242
257,Robert Morris,34,18,16,0.529,-9.07,-7.45,11,7,12,3,5,13,2378,2326,68.2,98.8,0.392,0.374,0.552,49.5,48.7,9.2,8.7,0.51,20.2,27.3,0.29
258,Rutgers,31,14,17,0.452,9.43,10.3,7,13,10,7,4,9,2105,2132,68.1,100.2,0.324,0.381,0.52,47.2,51.1,9.5,8.9,0.492,15.3,27,0.216
259,Sacramento State,31,15,16,0.484,-8.76,-6.76,8,12,9,5,4,10,2197,2155,69.4,99.3,0.355,0.379,0.55,50,55,9.4,9,0.511,19.5,26.7,0.264
260,Sacred Heart,32,15,17,0.469,-7.51,-7.74,11,7,10,3,4,13,2558,2509,74,105.6,0.312,0.382,0.546,47,51.1,9.4,10,0.514,14.5,26.3,0.226
,,Overall,Overall,Overall,Overall,Overall,Overall,Conf.,Conf.,Home,Home,Away,Away,Points,Points,Opponent Advanced,Opponent Advanced,Opponent Advanced,Opponent Advanced,Opponent Advanced,Opponent Advanced,Opponent Advanced,Opponent Advanced,Opponent Advanced,Opponent Advanced,Opponent Advanced,Opponent Advanced,Opponent Advanced
Rk,School,G,W,L,W-L%,SRS,SOS,W,L,W,L,W,L,Tm.,Opp.,Pace,ORtg,FTr,3PAr,TS%,TRB%,AST%,STL%,BLK%,eFG%,TOV%,ORB%,FT/FGA
261,Saint Francis (PA),33,18,15,0.545,-8.29,-5.77,12,6,12,4,6,10,2517,2508,70.8,107.4,0.314,0.39,0.559,48,50.5,7.2,11,0.531,15.5,28.2,0.223
262,Saint Joseph's,33,14,19,0.424,-0.2,1.89,6,12,10,5,2,11,2328,2397,68.8,105.2,0.271,0.441,0.545,51.8,59.2,7.3,7.4,0.517,14,24.2,0.197
263,Saint Louis,35,23,12,0.657,5.3,1.99,10,8,15,2,4,8,2347,2231,67.1,95.1,0.329,0.38,0.508,45.5,54.9,8.8,10.2,0.469,17.2,24.8,0.236
264,Saint Mary's (CA),33,22,11,0.667,12.92,4.38,11,5,14,3,5,5,2406,2124,64.5,99.4,0.294,0.314,0.522,45.6,42.9,7.7,9.2,0.486,14.7,23.2,0.217
265,Saint Peter's,32,10,22,0.313,-12,-6.25,6,12,7,7,2,14,2012,2196,64.3,104.6,0.385,0.405,0.553,49.1,53.4,10.9,9.3,0.512,16.6,27.8,0.285
266,Sam Houston State,32,21,11,0.656,-2.96,-6.16,16,2,12,2,8,8,2407,2225,68.5,99.5,0.411,0.406,0.542,48.5,55.3,8.2,8.2,0.501,19.2,27,0.294
267,Samford,33,17,16,0.515,1,-1.72,6,12,11,6,5,9,2583,2487,71.2,103.2,0.284,0.442,0.525,49.7,54,9.2,7.9,0.496,15.7,30.7,0.2
268,San Diego State,34,21,13,0.618,5.6,2.78,11,7,14,3,4,7,2437,2291,68.9,97.9,0.33,0.42,0.512,48.8,54.2,8.5,7.5,0.478,16.6,27.8,0.23
269,San Diego,36,21,15,0.583,6.34,3.82,7,9,12,4,5,8,2591,2455,68,98.9,0.368,0.324,0.532,48.1,44.4,9.6,9.8,0.492,16,21.8,0.266
270,San Francisco,31,21,10,0.677,8.77,1.34,9,7,13,3,6,5,2358,2101,67.3,99.9,0.303,0.332,0.521,47.8,43.5,7.1,10.7,0.486,15.3,25.7,0.219
271,San Jose State,31,4,27,0.129,-16.09,0.88,1,17,4,11,0,12,2042,2534,71.3,113.7,0.272,0.478,0.576,50.4,58.9,10.9,8.1,0.562,13.6,27.8,0.178
272,Santa Clara,31,16,15,0.516,-1.75,1.09,8,8,11,6,4,6,2115,2172,67.4,102.6,0.354,0.343,0.523,50.7,53.9,9.5,8.3,0.486,14.2,28,0.249
273,Savannah State,31,11,20,0.355,-20.42,-8.96,8,8,6,5,4,14,2360,2694,78.1,110.8,0.326,0.41,0.565,53.8,62.5,9.1,10.6,0.536,16.3,33.7,0.234
274,Seattle,32,18,14,0.563,-1.03,-3.66,6,10,12,5,4,8,2352,2210,69.8,98.2,0.383,0.328,0.507,47.9,40.6,8,7.6,0.461,14.5,26.3,0.278
275,Seton Hall,33,20,13,0.606,11.3,8.85,9,9,11,4,3,8,2440,2359,70.1,100.8,0.326,0.398,0.532,50.1,53.5,8.2,11.7,0.493,17.4,29.4,0.241
276,Siena,33,17,16,0.515,-7.81,-6.38,11,7,7,7,8,7,2131,2178,61.4,105.5,0.273,0.358,0.549,53.2,43.5,7.5,8.2,0.526,15.8,28.1,0.188
277,South Alabama,34,17,17,0.5,-4.25,-2.5,8,10,13,6,3,10,2478,2465,68.9,104.1,0.368,0.363,0.545,52.4,53.7,8.2,13.5,0.514,17.2,31.3,0.252
278,South Carolina State,34,8,26,0.235,-16.78,-8.21,5,11,5,6,2,19,2388,2593,69.2,108.9,0.395,0.398,0.586,49.4,50.4,7.9,8.6,0.557,18.3,29.6,0.277
279,South Carolina Upstate,32,6,26,0.188,-15.34,-4.3,1,16,5,9,1,15,2169,2395,69.4,107,0.386,0.358,0.558,53.3,51.6,8.9,10,0.524,16.7,31.4,0.273
280,South Carolina,32,16,16,0.5,8.69,9.98,11,7,11,6,4,8,2327,2316,71.2,101.3,0.392,0.395,0.535,50.1,50.5,9.4,10.2,0.49,18,31.2,0.29
,,Overall,Overall,Overall,Overall,Overall,Overall,Conf.,Conf.,Home,Home,Away,Away,Points,Points,Opponent Advanced,Opponent Advanced,Opponent Advanced,Opponent Advanced,Opponent Advanced,Opponent Advanced,Opponent Advanced,Opponent Advanced,Opponent Advanced,Opponent Advanced,Opponent Advanced,Opponent Advanced,Opponent Advanced
Rk,School,G,W,L,W-L%,SRS,SOS,W,L,W,L,W,L,Tm.,Opp.,Pace,ORtg,FTr,3PAr,TS%,TRB%,AST%,STL%,BLK%,eFG%,TOV%,ORB%,FT/FGA
281,South Dakota State,33,24,9,0.727,6.05,-4.6,14,2,14,1,7,5,2789,2425,72.8,100.9,0.24,0.477,0.524,46.7,48.3,7.5,8.7,0.501,14.2,22.6,0.165
282,South Dakota,30,13,17,0.433,-5.35,-2.89,7,9,8,6,4,8,2118,2136,68.1,104.2,0.334,0.366,0.552,52.1,44.9,7.4,10.9,0.515,15.9,25.5,0.249
283,South Florida,32,19,13,0.594,5.31,1.22,8,10,14,5,4,6,2312,2144,69.1,95,0.442,0.381,0.527,44.8,58.8,9.9,12.2,0.486,19.5,26,0.303
284,Southeast Missouri State,31,10,21,0.323,-11.22,-4.29,5,13,6,8,2,13,2216,2378,70.2,107.1,0.334,0.417,0.554,51.2,54.4,8.4,10.5,0.521,15.4,28.3,0.241
285,Southeastern Louisiana,33,17,16,0.515,-7.34,-6.05,12,6,9,5,7,9,2224,2228,67.6,99.8,0.385,0.351,0.542,47.8,46.5,10.4,11.6,0.5,19,28.2,0.283
286,Southern California,33,16,17,0.485,8.19,4.92,8,10,12,5,2,9,2518,2410,71,101.3,0.3,0.387,0.519,51.3,55,8.1,7.6,0.491,15.7,29.9,0.204
287,SIU Edwardsville,31,10,21,0.323,-14.38,-4.96,6,12,7,8,2,11,2265,2520,71.9,109.5,0.381,0.372,0.588,51.8,52.5,9.6,7.5,0.561,17.1,28.2,0.267
288,Southern Illinois,32,17,15,0.531,1.57,0.01,10,8,9,6,7,7,2194,2144,66.8,100.3,0.256,0.396,0.522,49.2,51,9.5,8.5,0.496,16.5,29.1,0.179
289,Southern Methodist,32,15,17,0.469,5.66,3.98,6,12,10,8,3,7,2303,2249,66.5,105.6,0.295,0.411,0.532,49.2,62.2,7.3,7.6,0.5,14.9,30.8,0.214
290,Southern Mississippi,32,20,12,0.625,3.96,-0.36,11,7,11,3,7,6,2324,2070,67.4,95.2,0.287,0.464,0.5,49.8,53.6,8.1,7.7,0.476,17.1,26.4,0.184
291,Southern Utah,32,16,16,0.5,-9.47,-6.47,9,11,10,3,4,12,2426,2423,73.4,101.9,0.388,0.391,0.541,50,50.6,9,10.4,0.503,15.9,24.5,0.276
292,Southern,32,7,25,0.219,-16.79,-7.38,6,12,6,5,1,18,2077,2360,68.4,107.5,0.49,0.359,0.581,52.1,51.8,9.2,9.1,0.547,19.4,32.2,0.338
293,St. Bonaventure,34,18,16,0.529,3.61,0.52,12,6,9,5,6,7,2250,2145,65.1,95.1,0.315,0.43,0.501,49.4,51.5,8.7,7.6,0.472,17.2,28.3,0.207
294,St. Francis (NY),32,17,15,0.531,-9.79,-8.29,9,9,11,3,6,11,2273,2239,70.5,98.8,0.379,0.315,0.523,50.7,44.1,7.3,10.6,0.479,17.1,27.4,0.277
295,St. John's (NY),33,21,12,0.636,8.71,5.99,8,10,11,4,4,7,2558,2468,72.4,102.2,0.39,0.427,0.544,54.3,54.2,7.1,6.4,0.507,18.3,29.7,0.276
296,Stanford,31,15,16,0.484,6.16,5.26,8,10,10,4,4,9,2255,2227,71.8,99.6,0.329,0.273,0.51,48.6,40.9,8.9,8.6,0.479,15,28.3,0.223
297,Stephen F. Austin,30,14,16,0.467,-10.71,-5.63,7,11,10,6,3,9,2105,2161,69.8,102.3,0.352,0.439,0.549,51,64.2,9.7,7.8,0.516,19.3,32.2,0.249
298,Stetson,31,7,24,0.226,-15.01,-3.46,3,13,7,8,0,16,2151,2429,71.6,109,0.322,0.408,0.565,52.2,57.1,9,8.8,0.54,16,30.8,0.224
299,Stony Brook,32,24,8,0.75,-2.1,-6.71,12,4,10,4,13,3,2285,2106,69.6,93.8,0.345,0.423,0.493,45.8,51.8,8.7,10.5,0.458,16.6,25.9,0.232
300,Syracuse,33,20,13,0.606,14.61,10.58,10,8,13,6,6,4,2301,2168,67.3,97.3,0.348,0.476,0.515,51.6,67.7,9.8,9.8,0.475,19.7,33.4,0.251
,,Overall,Overall,Overall,Overall,Overall,Overall,Conf.,Conf.,Home,Home,Away,Away,Points,Points,Opponent Advanced,Opponent Advanced,Opponent Advanced,Opponent Advanced,Opponent Advanced,Opponent Advanced,Opponent Advanced,Opponent Advanced,Opponent Advanced,Opponent Advanced,Opponent Advanced,Opponent Advanced,Opponent Advanced
Rk,School,G,W,L,W-L%,SRS,SOS,W,L,W,L,W,L,Tm.,Opp.,Pace,ORtg,FTr,3PAr,TS%,TRB%,AST%,STL%,BLK%,eFG%,TOV%,ORB%,FT/FGA
301,Temple,33,23,10,0.697,8.08,4.84,13,5,13,2,8,5,2465,2358,70.5,99.9,0.339,0.383,0.535,51.8,50.1,7.7,6.8,0.506,18,28.4,0.23
302,Tennessee-Martin,31,12,19,0.387,-10.84,-4.22,6,12,10,4,1,14,2356,2486,71.2,111.8,0.268,0.415,0.582,51.4,59.2,9.6,8.3,0.562,16.8,33.2,0.187
303,Tennessee State,30,9,21,0.3,-11.53,-3.06,6,12,6,7,3,14,2182,2332,73.1,105.4,0.532,0.355,0.576,50,45.7,8.7,10.8,0.532,18.3,27.4,0.38
304,Tennessee Tech,31,8,23,0.258,-14.6,-2.84,4,14,5,10,3,13,2104,2350,72.9,103.2,0.32,0.366,0.536,51.7,59.9,11.5,9.1,0.503,17,31.7,0.228
305,Tennessee,34,29,5,0.853,22.51,10.32,15,3,18,0,7,3,2781,2334,69.6,97.6,0.338,0.402,0.497,47.6,52.2,9.1,6.2,0.467,15.8,30,0.222
306,Texas A&M-Corpus Christi,32,14,18,0.438,-8.74,-5.31,9,9,9,7,5,9,2126,2124,67.3,97.8,0.397,0.408,0.527,47.4,57.5,9.7,9.3,0.48,18.1,25.8,0.293
307,Texas A&M,32,14,18,0.438,7.53,8.91,6,12,9,8,3,7,2253,2297,69.4,103.4,0.27,0.428,0.519,49.3,58.3,10.3,12.6,0.493,15.6,32.4,0.185
308,Texas-Arlington,33,17,16,0.515,-0.25,1.1,12,6,9,5,7,10,2284,2303,69,99.3,0.374,0.384,0.518,48.4,52.1,8.8,11.4,0.48,16.1,27.6,0.26
309,Texas Christian,33,20,13,0.606,13.34,9.46,7,11,12,5,3,7,2445,2317,69.6,99.4,0.286,0.359,0.519,48.3,58.5,8.7,10.7,0.484,16.4,28.6,0.209
310,Texas-El Paso,29,8,21,0.276,-7.92,-1.4,3,15,8,8,0,13,1859,2001,70,97.7,0.327,0.366,0.513,49.6,48,9.6,10.4,0.485,16.7,27,0.215
311,Texas-Rio Grande Valley,35,19,16,0.543,-1.25,-1.04,9,7,10,8,8,7,2475,2456,71.5,97.4,0.44,0.352,0.535,54.1,56,8.4,8.7,0.495,21.3,33.1,0.305
312,Texas-San Antonio,32,17,15,0.531,1.03,0.39,11,7,11,4,5,7,2481,2407,74,100.5,0.336,0.399,0.527,50.8,48.6,7.8,8.5,0.492,16,26.8,0.238
313,Texas Southern,34,21,13,0.618,-6.51,-7.51,14,4,10,2,10,10,2719,2645,76.2,101.8,0.327,0.352,0.537,49.2,53.5,9.4,8.8,0.515,17.5,30.3,0.212
314,Texas State,33,24,9,0.727,2.18,-2.69,12,6,11,3,10,5,2389,2117,68.3,93.2,0.383,0.397,0.515,45.7,49.3,8.9,10.7,0.47,19.2,24,0.279
315,Texas Tech,32,26,6,0.813,21.41,7.6,14,4,17,1,6,3,2339,1897,67.7,87.2,0.376,0.396,0.474,48.5,48.7,9.4,6.8,0.428,20,28.6,0.26
316,Texas,33,17,16,0.515,15.38,11.56,8,10,12,6,2,8,2343,2217,66.2,100.8,0.298,0.364,0.525,50.8,47.6,7.8,10.7,0.495,16.5,30.2,0.207
317,Toledo,32,25,7,0.781,8.89,0.69,13,5,14,2,8,4,2473,2178,69.8,96.8,0.268,0.347,0.494,47,40.3,9.2,7.9,0.466,14,25,0.183
318,Towson,32,10,22,0.313,-8.09,-3.22,6,12,5,8,4,8,2170,2294,64.5,108.6,0.329,0.461,0.554,46.4,59.7,8.3,5.7,0.518,13.6,26.5,0.245
319,Troy,30,12,18,0.4,-5.86,-0.75,5,13,8,8,4,10,2179,2242,69.6,106.6,0.321,0.38,0.548,51.2,48.9,8.7,5.8,0.519,15.5,30.2,0.225
320,Tulane,31,4,27,0.129,-6.87,3.49,0,18,3,12,0,11,2082,2403,72,107.7,0.316,0.387,0.533,51.4,51.8,10.4,9.7,0.506,12.9,30,0.215
,,Overall,Overall,Overall,Overall,Overall,Overall,Conf.,Conf.,Home,Home,Away,Away,Points,Points,Opponent Advanced,Opponent Advanced,Opponent Advanced,Opponent Advanced,Opponent Advanced,Opponent Advanced,Opponent Advanced,Opponent Advanced,Opponent Advanced,Opponent Advanced,Opponent Advanced,Opponent Advanced,Opponent Advanced
Rk,School,G,W,L,W-L%,SRS,SOS,W,L,W,L,W,L,Tm.,Opp.,Pace,ORtg,FTr,3PAr,TS%,TRB%,AST%,STL%,BLK%,eFG%,TOV%,ORB%,FT/FGA
321,Tulsa,32,18,14,0.563,4.55,3.77,8,10,14,3,3,8,2296,2271,69.9,100.8,0.303,0.439,0.512,51.4,55.7,9.5,9.3,0.481,15.1,28.8,0.21
322,UCLA,33,17,16,0.515,7.27,6.87,9,9,13,5,3,7,2580,2567,73.7,104.4,0.276,0.414,0.524,47.2,60.5,9.4,8.6,0.496,13.1,27.1,0.194
323,Utah State,34,28,6,0.824,12.74,0.8,15,3,14,1,9,4,2692,2271,70,94.8,0.338,0.4,0.5,43.8,50.7,8.6,9.2,0.46,15.5,22.2,0.24
324,Utah Valley,34,25,9,0.735,3.52,-2.23,12,4,13,1,8,7,2640,2408,70.4,100.6,0.297,0.359,0.522,47,51.2,10,8,0.489,14.7,25.1,0.212
325,Utah,31,17,14,0.548,6.19,5.16,11,7,10,5,6,5,2343,2311,67.9,109.4,0.325,0.364,0.555,47.7,47.8,8.7,13.1,0.523,12.9,26.9,0.234
326,Valparaiso,33,15,18,0.455,-3.16,-0.78,7,11,8,7,5,8,2205,2187,66.4,98.6,0.31,0.354,0.523,49.2,50.6,10.2,7.9,0.491,16.7,25.8,0.218
327,Vanderbilt,32,9,23,0.281,3.91,8.12,0,18,8,10,1,10,2180,2315,68.9,104.6,0.333,0.356,0.531,49.9,47.2,9.4,11.3,0.495,14.2,29.2,0.238
328,Vermont,33,27,6,0.818,4.88,-4.69,14,2,16,2,11,4,2439,2067,66.3,93.7,0.262,0.383,0.517,46.5,46.5,8.1,8.1,0.487,17.8,21.2,0.189
329,Villanova,34,25,9,0.735,15.32,7.94,13,5,13,2,5,6,2532,2281,65.2,101.7,0.286,0.393,0.528,48.1,56.2,8.1,8.8,0.499,15.4,27.4,0.2
330,Virginia Commonwealth,32,25,7,0.781,12.52,2.68,16,2,16,1,8,4,2286,1971,69,88.6,0.372,0.334,0.475,49,51,9.3,7.6,0.43,20,30.7,0.256
331,VMI,32,11,21,0.344,-10.23,0.36,4,14,8,7,2,13,2433,2617,73.5,110.4,0.311,0.394,0.574,52.8,52,8.1,11.1,0.548,15.2,27,0.221
332,Virginia Tech,32,24,8,0.75,19.85,7.94,12,6,14,2,5,5,2368,1987,64.3,95.8,0.264,0.501,0.519,47.9,56.4,7.8,9.8,0.489,19,27.4,0.19
333,Virginia,32,29,3,0.906,26.62,9.84,16,2,15,1,10,1,2299,1762,61.1,89.8,0.279,0.409,0.464,46.2,43.9,8.5,8.4,0.435,15.6,25.9,0.181
334,Wagner,30,13,17,0.433,-12.62,-7.26,8,10,7,7,6,10,1974,2044,66.4,102.1,0.464,0.414,0.546,48,54.3,8.8,9.4,0.502,17.5,27.6,0.329
335,Wake Forest,31,11,20,0.355,1.84,9.09,4,14,8,8,1,10,2119,2344,68.8,109.1,0.352,0.403,0.562,47.8,56.6,10.2,11.7,0.533,14.2,27.1,0.245
336,Washington State,32,11,21,0.344,-1.68,2.2,4,14,9,7,2,8,2393,2517,71.7,109.8,0.283,0.416,0.563,51.7,53.2,10.2,7.8,0.546,15,29.5,0.186
337,Washington,34,26,8,0.765,11.85,6.41,15,3,15,1,7,4,2374,2189,67.1,95.5,0.345,0.353,0.511,51.9,58.5,9.1,7.6,0.473,20.5,34.3,0.243
338,Weber State,33,18,15,0.545,-4.29,-6.03,11,9,10,5,5,7,2617,2454,73.4,100.5,0.307,0.327,0.513,51,44.9,7.7,7.4,0.48,13.9,25.8,0.215
339,West Virginia,34,14,20,0.412,7.2,10.94,4,14,10,6,0,10,2487,2614,71.4,106.1,0.396,0.358,0.558,46.9,50.7,11.7,10.4,0.52,16.4,28.7,0.285
340,Western Carolina,32,7,25,0.219,-8.92,0.69,4,14,4,8,3,14,2304,2563,71.3,111,0.404,0.382,0.571,47.6,46.5,12.2,14.1,0.544,13.1,25.1,0.273
,,Overall,Overall,Overall,Overall,Overall,Overall,Conf.,Conf.,Home,Home,Away,Away,Points,Points,Opponent Advanced,Opponent Advanced,Opponent Advanced,Opponent Advanced,Opponent Advanced,Opponent Advanced,Opponent Advanced,Opponent Advanced,Opponent Advanced,Opponent Advanced,Opponent Advanced,Opponent Advanced,Opponent Advanced
Rk,School,G,W,L,W-L%,SRS,SOS,W,L,W,L,W,L,Tm.,Opp.,Pace,ORtg,FTr,3PAr,TS%,TRB%,AST%,STL%,BLK%,eFG%,TOV%,ORB%,FT/FGA
341,Western Illinois,31,10,21,0.323,-9.87,-5.01,4,12,7,6,2,14,2198,2272,69.5,105,0.269,0.383,0.538,51.1,46.5,8.4,7.2,0.516,13.6,25.1,0.182
342,Western Kentucky,34,20,14,0.588,3.45,1.27,11,7,10,4,6,8,2429,2355,69,98.9,0.256,0.408,0.515,48.4,52,8.4,9.6,0.49,16.1,27.5,0.176
343,Western Michigan,32,8,24,0.25,-5.89,1.85,2,16,5,9,2,14,2246,2439,70.2,106.9,0.295,0.386,0.544,48.5,50.6,11.1,9.8,0.518,13.6,27.4,0.206
344,Wichita State,33,19,14,0.576,6.8,5.28,10,8,10,4,4,7,2333,2283,69.1,99.7,0.399,0.372,0.522,48.3,49.2,7,10.5,0.484,15.8,27.4,0.274
345,William & Mary,31,14,17,0.452,-4.48,-1.78,10,8,9,5,5,11,2321,2385,69.2,109,0.3,0.366,0.561,50.1,48.5,9.6,8,0.526,13.7,25.5,0.229
346,Winthrop,30,18,12,0.6,-2.94,-3.79,10,6,11,3,7,8,2499,2358,75.1,103.8,0.294,0.407,0.532,46.6,47.7,9.7,10.8,0.501,13.6,24.6,0.21
347,Wisconsin,33,23,10,0.697,19.05,11.41,14,6,12,3,8,5,2279,2027,64.9,92.9,0.259,0.351,0.475,50.2,45.6,7.8,10.7,0.448,15,26.5,0.172
348,Wofford,33,29,4,0.879,13.8,0.14,18,0,15,1,11,3,2739,2165,68.7,94.8,0.304,0.405,0.523,45,48.7,7.9,7.3,0.492,18.2,23.4,0.213
349,Wright State,35,21,14,0.6,3.34,-0.85,13,5,15,2,5,7,2561,2365,67.5,99.8,0.28,0.381,0.548,47.7,44.5,8,10.3,0.523,18.3,25,0.195
350,Wyoming,32,8,24,0.25,-9.44,0.5,4,14,6,10,1,11,2105,2411,70.2,106.9,0.345,0.407,0.551,55.3,56.5,9.7,9.4,0.514,15.1,28,0.254
351,Xavier,33,18,15,0.545,9.67,8.39,9,9,12,5,4,7,2372,2330,66.5,105,0.247,0.423,0.532,46.8,55.7,10.4,8.7,0.508,13.8,27.5,0.173
352,Yale,29,22,7,0.759,5.46,-1.72,10,4,11,2,8,5,2353,2123,72.7,99.4,0.3,0.383,0.508,46.8,49.1,9.5,7.6,0.471,13.5,24.1,0.22
353,Youngstown State,32,12,20,0.375,-7.68,-1.95,8,10,6,7,5,11,2415,2526,70.6,109.6,0.37,0.386,0.566,48.5,51.3,8.2,9.2,0.53,14.9,28.5,0.272