Unnamed: 0_level_0,Unnamed: 1_level_0,Overall,Overall,Overall,Overall,Overall,Overall,Conf.,Conf.,Home,Home,Away,Away,Points,Points,Unnamed: 16_level_0,Unnamed: 17_level_0,Opponent Totals,Opponent Totals,Opponent Totals,Opponent Totals,Opponent Totals,Opponent Totals,Opponent Totals,Opponent Totals,Opponent Totals,Opponent Totals,Opponent Totals,Opponent Totals,Opponent Totals,Opponent Totals,Opponent Totals,Opponent Totals
Rk,School,G,W,L,W-L%,SRS,SOS,W,L,W,L,W,L,Tm.,Opp.,Unnamed: 16_level_1,MP,FG,FGA,FG%,3P,3PA,3P%,FT,FTA,FT%,ORB,TRB,AST,STL,BLK,TOV,PF
1,Air Force,32,18,14,.563,4.18,4.28,8,8,13,2,3,11,2241,2170,,1285,764,1702,.449,224,703,.319,418,621,.673,325,1053,458,180,100,412,530
2,Akron NCAA,33,26,7,.788,8.11,0.18,14,2,15,1,7,4,2369,2071,,1340,723,1831,.395,176,544,.324,449,629,.714,358,1060,358,229,96,449,621
3,Alabama A&M,31,11,20,.355,-18.40,-9.82,6,12,7,6,3,12,1957,2160,,1255,783,1753,.447,163,466,.350,431,653,.660,337,1124,390,228,106,384,558
4,Alabama-Birmingham,33,16,17,.485,0.26,1.51,7,9,11,4,4,10,2357,2351,,1325,816,1848,.442,215,604,.356,504,718,.702,353,1155,446,276,127,527,543
5,Alabama State,32,10,22,.313,-17.88,-9.01,8,10,7,5,3,14,1979,2231,,1290,780,1808,.431,215,619,.347,456,685,.666,392,1170,428,254,103,428,530
6,Alabama,36,23,13,.639,9.79,5.93,12,6,16,4,4,8,2268,2102,,1455,750,1853,.405,184,597,.308,418,602,.694,393,1202,361,202,135,521,592
7,Albany (NY) NCAA,35,24,11,.686,-0.87,-4.53,9,7,11,4,11,5,2251,2123,,1405,787,1848,.426,212,640,.331,337,514,.656,324,1069,367,212,119,438,666
8,Alcorn State,34,10,24,.294,-14.26,-7.11,8,10,5,8,4,14,2055,2248,,1366,740,1876,.394,189,609,.310,579,878,.659,421,1236,367,231,120,447,604
9,American,30,10,20,.333,-8.56,-2.53,5,9,7,6,3,14,1735,1916,,1215,695,1576,.441,228,555,.411,298,439,.679,260,937,416,195,111,281,469
10,Appalachian State,31,15,16,.484,-7.91,-5.77,10,8,10,4,4,11,2211,2221,,1270,814,1781,.457,172,523,.329,421,608,.692,322,1084,408,229,105,423,580
11,Arizona State,35,22,13,.629,8.86,4.60,9,9,16,4,4,7,2512,2363,,1425,861,2098,.410,227,673,.337,414,559,.741,396,1251,449,241,116,434,669
12,Arizona NCAA,35,27,8,.771,17.30,7.47,12,6,14,2,7,4,2570,2226,,1405,784,1909,.411,211,589,.358,447,629,.711,321,1051,386,215,112,465,624
13,Little Rock,32,17,15,.531,-4.36,-2.23,11,9,13,3,3,10,2127,2132,,1280,718,1701,.422,198,595,.333,498,721,.691,352,1119,366,208,90,522,666
14,Arkansas-Pine Bluff,30,16,14,.533,-12.13,-8.20,15,3,9,0,6,12,1880,1998,,1206,676,1672,.404,216,681,.317,430,630,.683,375,1138,442,217,97,487,514
15,Arkansas State,31,19,12,.613,0.77,-4.36,12,8,13,2,5,9,2127,1944,,1275,687,1666,.412,171,522,.328,399,587,.680,328,1091,326,194,92,494,619
16,Arkansas,32,19,13,.594,9.82,4.97,10,8,17,1,1,9,2358,2203,,1290,747,1726,.433,203,566,.359,506,766,.661,370,1201,385,168,125,561,587
17,Army,31,16,15,.516,-1.48,-4.52,8,6,9,4,6,10,2245,2112,,1253,730,1749,.417,216,615,.351,436,641,.680,332,1040,398,211,107,400,580
18,Auburn,32,9,23,.281,0.21,4.18,3,15,7,10,1,9,2074,2201,,1305,738,1717,.430,230,666,.345,495,738,.671,327,1126,431,211,117,430,588
19,Austin Peay,31,8,23,.258,-12.35,-4.31,4,12,5,8,2,12,2218,2371,,1265,880,1928,.456,216,624,.346,395,549,.719,386,1120,493,269,94,404,597
20,Ball State,30,15,15,.500,-6.70,-3.15,8,8,8,8,7,6,1957,2041,,1200,716,1604,.446,197,565,.349,412,581,.709,292,951,421,222,87,388,607
,,Overall,Overall,Overall,Overall,Overall,Overall,Conf.,Conf.,Home,Home,Away,Away,Points,Points,,,Opponent Totals,Opponent Totals,Opponent Totals,Opponent Totals,Opponent Totals,Opponent Totals,Opponent Totals,Opponent Totals,Opponent Totals,Opponent Totals,Opponent Totals,Opponent Totals,Opponent Totals,Opponent Totals,Opponent Totals,Opponent Totals
Rk,School,G,W,L,W-L%,SRS,SOS,W,L,W,L,W,L,Tm.,Opp.,,MP,FG,FGA,FG%,3P,3PA,3P%,FT,FTA,FT%,ORB,TRB,AST,STL,BLK,TOV,PF
21,Baylor,37,23,14,.622,15.07,7.13,9,9,15,5,4,7,2811,2456,,1489,884,2176,.406,201,644,.312,487,706,.690,448,1297,469,234,120,482,690
22,Belmont NCAA,33,26,7,.788,10.37,-0.96,14,2,13,0,9,4,2533,2129,,1325,725,1748,.415,218,650,.335,461,651,.708,384,1100,396,213,132,572,591
23,Bethune-Cookman,34,14,20,.412,-9.54,-6.44,7,9,9,4,2,14,2283,2318,,1370,788,1736,.454,182,527,.345,560,824,.680,347,1226,450,202,123,521,657
24,Binghamton,30,3,27,.100,-18.52,-3.70,1,15,2,12,1,14,1676,2081,,1200,746,1709,.437,248,694,.357,341,539,.633,328,1132,454,235,63,342,498
25,Boise State NCAA,32,21,11,.656,9.44,5.27,9,7,14,1,5,8,2343,2095,,1285,709,1623,.437,211,624,.338,466,660,.706,240,944,401,185,93,430,557
26,Boston College,33,16,17,.485,6.09,7.03,7,11,12,6,3,7,2215,2246,,1325,826,1833,.451,222,592,.375,372,533,.698,331,1072,402,188,93,379,610
27,Boston University,30,17,13,.567,-0.60,-3.93,11,5,9,3,7,9,2035,1935,,1210,689,1627,.423,165,530,.311,392,540,.726,322,1048,345,177,93,425,449
28,Bowling Green State,32,13,19,.406,-3.32,-1.75,7,9,11,5,1,12,2010,2033,,1300,729,1711,.426,182,533,.341,393,573,.686,334,1107,390,236,95,421,485
29,Bradley,35,18,17,.514,1.25,1.97,7,11,14,4,4,10,2371,2396,,1410,831,1872,.444,246,695,.354,488,661,.738,363,1216,475,204,117,507,581
30,Brigham Young,36,24,12,.667,10.66,3.75,10,6,15,3,7,5,2777,2502,,1440,872,2072,.421,242,730,.332,516,764,.675,366,1256,505,224,125,493,671
31,Brown,28,13,15,.464,-6.33,-3.03,7,7,8,5,5,10,1748,1800,,1145,636,1503,.423,194,518,.375,334,496,.673,255,930,349,211,81,338,456
32,Bryant,31,19,12,.613,-2.08,-4.72,12,6,11,5,8,7,2294,2212,,1245,797,1777,.449,246,698,.352,372,537,.693,319,1006,442,210,121,368,567
33,Bucknell NCAA,34,28,6,.824,6.95,-1.96,12,2,14,1,12,4,2277,1966,,1360,703,1864,.377,177,576,.307,383,543,.705,300,1042,344,153,79,307,593
34,Buffalo,34,14,20,.412,-1.94,-0.35,7,9,9,6,4,10,2275,2287,,1370,796,1896,.420,199,595,.334,496,692,.717,385,1081,416,252,109,388,614
35,Butler NCAA,36,27,9,.750,10.99,6.08,11,5,14,2,7,4,2495,2299,,1445,807,1938,.416,201,601,.334,484,688,.703,322,1057,397,235,113,406,657
36,Cal Poly,32,18,14,.563,-0.46,-0.62,12,6,13,1,4,12,2074,2020,,1290,715,1552,.461,192,535,.359,398,571,.697,261,979,421,126,113,381,528
37,Cal State Bakersfield,30,14,16,.467,-6.44,-2.17,0,0,9,4,3,11,2041,2070,,1220,688,1525,.451,178,527,.338,516,743,.694,278,1017,385,185,103,462,518
38,Cal State Fullerton,32,14,18,.438,-2.97,-3.03,6,12,6,7,6,10,2451,2381,,1280,866,1816,.477,204,581,.351,445,644,.691,390,1156,505,182,96,513,577
39,Cal State Northridge,31,14,17,.452,-3.89,-1.93,5,13,6,7,5,10,2333,2309,,1240,809,1727,.468,230,622,.370,461,662,.696,316,1053,457,210,119,490,577
40,UC-Davis,31,14,17,.452,-3.50,-2.57,9,9,6,7,6,9,2210,2239,,1245,793,1842,.431,242,658,.368,411,571,.720,344,1047,462,237,97,328,523
,,Overall,Overall,Overall,Overall,Overall,Overall,Conf.,Conf.,Home,Home,Away,Away,Points,Points,,,Opponent Totals,Opponent Totals,Opponent Totals,Opponent Totals,Opponent Totals,Opponent Totals,Opponent Totals,Opponent Totals,Opponent Totals,Opponent Totals,Opponent Totals,Opponent Totals,Opponent Totals,Opponent Totals,Opponent Totals,Opponent Totals
Rk,School,G,W,L,W-L%,SRS,SOS,W,L,W,L,W,L,Tm.,Opp.,,MP,FG,FGA,FG%,3P,3PA,3P%,FT,FTA,FT%,ORB,TRB,AST,STL,BLK,TOV,PF
41,UC-Irvine,37,21,16,.568,0.17,-0.66,11,7,13,1,5,13,2558,2418,,1495,831,2146,.387,203,637,.319,553,797,.694,433,1359,436,229,107,407,659
42,UC-Riverside,31,6,25,.194,-11.49,-1.71,3,15,5,9,1,14,1829,2062,,1245,716,1671,.428,242,662,.366,388,534,.727,283,997,421,202,103,366,491
43,UC-Santa Barbara,31,11,20,.355,-4.22,0.40,7,11,8,6,3,13,2003,2090,,1255,710,1686,.421,225,611,.368,445,627,.710,338,1056,418,208,80,365,501
44,University of California NCAA,33,21,12,.636,10.65,7.77,12,6,11,5,6,5,2218,2123,,1325,753,1915,.393,189,562,.336,428,622,.688,384,1133,385,196,103,370,555
45,Campbell,33,13,20,.394,-10.25,-5.55,7,9,8,8,4,9,2284,2395,,1350,852,1882,.453,202,609,.332,489,711,.688,408,1186,483,238,109,469,578
46,Canisius,34,20,14,.588,2.37,-0.99,11,7,12,4,8,9,2499,2385,,1370,853,1928,.442,236,703,.336,443,624,.710,388,1136,508,226,114,454,619
47,Central Arkansas,30,13,17,.433,-10.87,-6.12,7,11,8,7,5,8,2294,2359,,1230,845,1857,.455,183,505,.362,486,749,.649,420,1235,475,222,118,447,516
48,Central Connecticut State,30,13,17,.433,-8.24,-4.04,9,9,6,6,7,10,2186,2312,,1220,849,1877,.452,242,661,.366,372,550,.676,396,1221,474,174,91,408,518
49,Central Florida,31,20,11,.645,3.44,0.96,9,7,14,5,5,6,2194,2079,,1250,785,1840,.427,190,605,.314,319,467,.683,369,1061,442,238,93,394,571
50,Central Michigan,31,11,20,.355,-6.14,-1.21,4,12,6,6,2,13,2092,2226,,1250,806,1688,.477,226,601,.376,388,572,.678,326,1074,466,186,118,410,554
51,Charleston Southern,32,19,13,.594,-2.07,-5.62,12,4,11,3,6,9,2361,2144,,1290,767,1842,.416,229,673,.340,381,536,.711,334,1127,384,191,123,439,525
52,Charlotte,33,21,12,.636,2.69,2.75,8,8,12,3,5,7,2229,2231,,1330,751,1835,.409,221,664,.333,508,721,.705,371,1104,383,248,130,458,673
53,Chattanooga,32,13,19,.406,-10.47,-4.97,8,10,8,9,4,9,2218,2318,,1290,810,1801,.450,291,782,.372,407,583,.698,299,1069,534,240,117,434,635
54,Chicago State,33,11,22,.333,-11.77,-4.91,3,5,8,5,2,16,2151,2276,,1345,758,1714,.442,208,577,.360,552,789,.700,354,1205,429,229,107,552,495
55,Cincinnati NCAA,34,22,12,.647,14.46,6.93,9,9,13,5,4,5,2262,2006,,1375,716,1851,.387,171,562,.304,403,606,.665,367,1139,385,196,108,452,616
56,Citadel,30,8,22,.267,-16.99,-5.45,5,13,5,8,3,12,1931,2195,,1205,806,1712,.471,236,626,.377,347,480,.723,350,972,417,269,83,372,514
57,Clemson,31,13,18,.419,5.82,4.44,5,13,8,7,3,9,1907,1864,,1240,669,1613,.415,171,492,.348,355,531,.669,328,1030,354,170,87,394,495
58,Cleveland State,32,14,18,.438,-7.34,-0.16,5,11,9,5,3,13,2051,2226,,1285,752,1629,.462,196,550,.356,526,706,.745,320,1049,470,211,117,459,511
59,Coastal Carolina,29,14,15,.483,-5.61,-5.22,9,7,12,4,2,11,1943,1840,,1165,616,1494,.412,214,626,.342,394,569,.692,300,920,340,177,92,446,538
60,Colgate,32,11,21,.344,-8.73,-2.58,5,9,7,5,3,16,2033,2230,,1284,791,1839,.430,225,633,.355,423,606,.698,310,1127,426,207,92,324,497
,,Overall,Overall,Overall,Overall,Overall,Overall,Conf.,Conf.,Home,Home,Away,Away,Points,Points,,,Opponent Totals,Opponent Totals,Opponent Totals,Opponent Totals,Opponent Totals,Opponent Totals,Opponent Totals,Opponent Totals,Opponent Totals,Opponent Totals,Opponent Totals,Opponent Totals,Opponent Totals,Opponent Totals,Opponent Totals,Opponent Totals
Rk,School,G,W,L,W-L%,SRS,SOS,W,L,W,L,W,L,Tm.,Opp.,,MP,FG,FGA,FG%,3P,3PA,3P%,FT,FTA,FT%,ORB,TRB,AST,STL,BLK,TOV,PF
61,College of Charleston,35,24,11,.686,0.17,-3.86,14,4,10,7,11,2,2297,2176,,1400,812,1992,.408,175,581,.301,377,524,.719,348,1111,344,249,95,345,599
62,Colorado State NCAA,35,26,9,.743,13.65,5.89,11,5,16,1,6,6,2553,2229,,1405,767,1852,.414,233,687,.339,462,674,.685,281,984,336,181,114,380,727
63,Colorado NCAA,33,21,12,.636,11.95,7.95,10,8,12,3,5,7,2230,2098,,1340,769,1918,.401,224,700,.320,336,485,.693,371,1119,360,223,129,426,592
64,Columbia,28,12,16,.429,-3.25,-3.48,4,10,6,7,5,9,1746,1694,,1120,587,1349,.435,144,391,.368,376,534,.704,226,850,299,136,103,348,469
65,Connecticut,30,20,10,.667,11.88,7.42,10,8,13,3,4,5,2096,1962,,1245,708,1753,.404,171,543,.315,375,543,.691,403,1097,361,201,110,406,531
66,Coppin State,32,8,24,.250,-12.65,-4.20,5,11,4,7,4,15,2035,2277,,1300,813,1827,.445,197,671,.294,454,686,.662,437,1335,471,236,142,528,588
67,Cornell,31,13,18,.419,-7.27,-2.37,5,9,4,10,7,8,2040,2168,,1240,752,1636,.460,233,594,.392,431,599,.720,267,1041,442,200,126,431,480
68,Creighton NCAA,36,28,8,.778,16.44,5.16,13,5,15,2,7,5,2680,2274,,1440,845,2074,.407,215,689,.312,369,542,.681,359,1099,432,238,89,377,644
69,Dartmouth,28,9,19,.321,-9.21,-3.17,5,9,6,7,3,12,1719,1844,,1125,622,1408,.442,166,470,.353,434,584,.743,271,938,336,183,110,384,491
70,Davidson NCAA,34,26,8,.765,7.27,-3.45,17,1,12,1,9,4,2490,2110,,1365,739,1805,.409,155,477,.325,477,665,.717,328,1078,303,187,98,414,646
71,Dayton,31,17,14,.548,9.36,4.27,7,9,13,4,2,8,2225,2067,,1250,719,1655,.434,192,544,.353,437,620,.705,314,943,431,183,122,436,591
72,Delaware State,33,15,18,.455,-11.19,-5.90,8,8,8,3,5,12,1997,2094,,1345,771,1772,.435,166,509,.326,386,568,.680,400,1142,442,226,108,454,538
73,Delaware,33,19,14,.576,-0.78,-0.81,13,5,9,4,8,7,2276,2275,,1340,811,1972,.411,211,614,.344,442,650,.680,406,1177,417,229,103,355,640
74,Denver,32,22,10,.688,9.20,0.26,16,2,14,2,8,7,2076,1790,,1285,623,1441,.432,117,353,.331,427,591,.723,312,994,276,154,75,503,473
75,DePaul,32,11,21,.344,1.71,5.61,2,16,7,10,4,8,2284,2409,,1295,881,1879,.469,175,479,.365,472,681,.693,395,1220,469,260,146,498,553
76,Detroit Mercy,33,20,13,.606,6.71,1.62,12,4,13,2,7,10,2568,2340,,1320,833,1793,.465,225,605,.372,449,632,.710,321,1111,431,173,125,541,576
77,Drake,32,15,17,.469,3.43,5.14,7,11,9,6,4,7,2296,2319,,1295,791,1772,.446,221,630,.351,516,686,.752,305,1096,446,244,104,417,588
78,Drexel,31,13,18,.419,-1.08,-0.98,9,9,5,8,7,7,1953,1956,,1265,659,1519,.434,161,471,.342,477,660,.723,248,944,317,177,106,365,523
79,Duke NCAA,36,30,6,.833,21.43,9.54,14,4,16,0,5,4,2778,2350,,1440,852,2049,.416,160,551,.290,486,671,.724,415,1249,341,179,110,502,703
80,Duquesne,30,8,22,.267,-4.54,3.50,1,15,6,9,2,12,2028,2269,,1210,815,1813,.450,237,625,.379,402,595,.676,362,1139,479,216,116,364,519
,,Overall,Overall,Overall,Overall,Overall,Overall,Conf.,Conf.,Home,Home,Away,Away,Points,Points,,,Opponent Totals,Opponent Totals,Opponent Totals,Opponent Totals,Opponent Totals,Opponent Totals,Opponent Totals,Opponent Totals,Opponent Totals,Opponent Totals,Opponent Totals,Opponent Totals,Opponent Totals,Opponent Totals,Opponent Totals,Opponent Totals
Rk,School,G,W,L,W-L%,SRS,SOS,W,L,W,L,W,L,Tm.,Opp.,,MP,FG,FGA,FG%,3P,3PA,3P%,FT,FTA,FT%,ORB,TRB,AST,STL,BLK,TOV,PF
81,East Carolina,35,23,12,.657,2.56,0.81,9,7,17,4,6,7,2679,2484,,1415,922,2142,.430,189,577,.328,451,674,.669,467,1316,541,223,117,475,659
82,East Tennessee State,32,10,22,.313,-13.15,-2.25,8,10,5,8,5,10,1994,2284,,1285,807,1761,.458,279,759,.368,391,571,.685,362,1176,528,231,110,454,530
83,Eastern Illinois,32,11,21,.344,-8.93,-5.09,6,10,5,9,4,11,1933,2055,,1285,707,1532,.461,241,619,.389,400,580,.690,278,969,434,196,125,421,516
84,Eastern Kentucky,35,25,10,.714,1.66,-3.92,12,4,15,1,9,8,2586,2303,,1410,784,1732,.453,185,590,.314,550,752,.731,390,1164,462,224,112,613,602
85,Eastern Michigan,34,16,18,.471,-6.25,-1.25,7,9,13,5,2,12,1926,2011,,1365,688,1735,.397,229,765,.299,406,620,.655,425,1173,501,256,82,486,548
86,Eastern Washington,31,10,21,.323,-10.77,-5.48,7,13,7,7,2,13,2146,2310,,1260,818,1901,.430,191,544,.351,483,688,.702,420,1242,501,226,122,341,547
87,Elon,33,21,12,.636,-3.58,-5.19,13,5,12,3,8,8,2273,2144,,1335,745,1825,.408,202,555,.364,452,653,.692,346,1186,364,214,72,441,575
88,Evansville,36,21,15,.583,5.26,2.91,10,8,15,3,5,11,2490,2374,,1455,848,1895,.447,220,628,.350,458,667,.687,343,1217,464,205,134,518,635
89,Fairfield,35,19,16,.543,-0.55,-2.00,9,9,7,5,7,10,2122,2071,,1410,697,1721,.405,134,419,.320,543,784,.693,373,1140,297,247,127,474,547
90,Fairleigh Dickinson,31,7,24,.226,-18.00,-4.65,2,16,2,10,3,14,2034,2448,,1250,880,1883,.467,221,609,.363,467,673,.694,426,1198,517,263,93,378,536
91,Florida A&M,31,8,23,.258,-16.14,-6.21,5,11,6,4,1,17,2015,2235,,1260,785,1753,.448,181,516,.351,484,723,.669,409,1242,416,234,131,504,504
92,Florida Atlantic,32,14,18,.438,-5.88,-2.49,9,11,11,4,3,13,2092,2164,,1300,769,1873,.411,161,537,.300,465,678,.686,411,1151,354,242,121,369,549
93,Florida Gulf Coast NCAA,37,26,11,.703,2.76,-2.07,13,5,15,1,6,9,2696,2469,,1495,866,2133,.406,250,808,.309,487,708,.688,447,1313,483,267,116,580,654
94,Florida International,32,18,14,.563,-2.08,-2.11,11,9,10,3,6,10,2210,2209,,1280,784,1737,.451,206,637,.323,435,644,.675,389,1164,461,212,126,569,570
95,Florida State,34,18,16,.529,5.67,7.23,9,9,10,8,3,7,2278,2331,,1360,825,1886,.437,225,612,.368,454,656,.692,422,1142,443,244,103,465,648
96,Florida NCAA,37,29,8,.784,23.86,6.83,14,4,15,0,7,5,2642,2012,,1480,725,1897,.382,193,623,.310,369,567,.651,358,1117,369,217,96,522,593
97,Fordham,31,7,24,.226,-6.90,4.59,3,13,4,7,1,15,1997,2353,,1240,791,1765,.448,218,619,.352,553,791,.699,352,1096,465,248,121,347,540
98,Fresno State,30,11,19,.367,3.31,6.56,5,11,6,8,5,10,1798,1829,,1210,612,1486,.412,132,453,.291,473,700,.676,337,1078,318,144,113,399,502
99,Furman,31,7,24,.226,-17.46,-5.29,3,15,5,9,1,14,1869,2180,,1240,806,1747,.461,203,534,.380,365,514,.710,344,1077,463,228,76,357,532
100,Gardner-Webb,34,21,13,.618,-3.22,-5.93,11,5,12,3,6,9,2236,2066,,1385,745,1759,.424,188,573,.328,388,603,.643,346,1096,380,231,98,531,589
,,Overall,Overall,Overall,Overall,Overall,Overall,Conf.,Conf.,Home,Home,Away,Away,Points,Points,,,Opponent Totals,Opponent Totals,Opponent Totals,Opponent Totals,Opponent Totals,Opponent Totals,Opponent Totals,Opponent Totals,Opponent Totals,Opponent Totals,Opponent Totals,Opponent Totals,Opponent Totals,Opponent Totals,Opponent Totals,Opponent Totals
Rk,School,G,W,L,W-L%,SRS,SOS,W,L,W,L,W,L,Tm.,Opp.,,MP,FG,FGA,FG%,3P,3PA,3P%,FT,FTA,FT%,ORB,TRB,AST,STL,BLK,TOV,PF
101,George Mason,38,22,16,.579,2.01,-0.17,10,8,10,7,8,6,2587,2504,,1535,822,1991,.413,238,715,.333,622,886,.702,443,1275,440,222,137,551,712
102,George Washington,30,13,17,.433,4.22,3.49,7,9,7,7,5,9,1988,1966,,1205,705,1674,.421,176,489,.360,380,547,.695,324,973,349,286,134,436,560
103,Georgetown NCAA,32,25,7,.781,15.84,7.59,14,4,16,1,6,3,2070,1806,,1300,623,1649,.378,172,560,.307,388,582,.667,342,1023,353,202,105,454,586
104,Georgia Southern,33,14,19,.424,-9.67,-5.02,7,11,7,6,5,11,2050,2148,,1335,756,1724,.439,187,587,.319,449,647,.694,370,1122,382,215,103,441,543
105,Georgia State,31,15,16,.484,-2.04,-2.40,10,8,9,7,6,9,2114,2075,,1255,708,1625,.436,239,652,.367,420,594,.707,324,1044,425,165,122,422,538
106,Georgia Tech,31,16,15,.516,6.60,4.67,6,12,11,6,3,7,1993,1933,,1245,687,1715,.401,182,563,.323,377,566,.666,312,1069,383,191,131,391,480
107,Georgia,32,15,17,.469,5.31,6.09,9,9,12,6,3,8,1946,1971,,1300,661,1704,.388,210,639,.329,439,645,.681,350,1054,324,244,100,375,619
108,Gonzaga NCAA,35,32,3,.914,20.47,4.18,16,0,15,1,10,1,2696,2095,,1400,735,1909,.385,244,739,.330,381,561,.679,373,1045,350,217,112,480,687
109,Grambling,28,0,28,.000,-35.85,-9.17,0,18,0,9,0,18,1391,2138,,1120,772,1683,.459,213,563,.378,381,588,.648,380,1073,436,285,105,271,382
110,Green Bay,34,18,16,.529,1.67,-0.27,10,6,12,3,4,12,2247,2142,,1370,741,1802,.411,219,641,.342,441,599,.736,303,1039,411,245,106,400,621
111,Hampton,31,14,17,.452,-9.35,-7.84,11,5,7,7,7,8,1936,1983,,1260,670,1719,.390,167,546,.306,476,731,.651,389,1149,334,220,129,484,574
112,Hartford,31,17,14,.548,-5.84,-4.71,10,6,10,5,7,8,1863,1898,,1240,660,1499,.440,160,468,.342,418,622,.672,293,1046,310,214,94,495,519
113,Harvard NCAA,30,20,10,.667,3.95,0.16,11,3,13,1,6,8,2049,1924,,1215,707,1601,.442,150,453,.331,360,496,.726,302,924,345,189,94,409,586
114,Hawaii,32,17,15,.531,-1.73,-2.37,10,8,12,7,4,7,2336,2305,,1285,808,1915,.422,263,715,.368,426,609,.700,347,1055,446,236,92,383,583
115,High Point,31,17,14,.548,-4.66,-7.25,12,4,10,5,6,8,2221,2052,,1250,712,1699,.419,179,552,.324,449,675,.665,347,1070,364,184,98,429,543
116,Hofstra,32,7,25,.219,-10.76,-1.92,4,14,6,9,1,14,1873,2132,,1290,755,1741,.434,176,574,.307,446,629,.709,364,1150,422,255,157,423,608
117,Holy Cross,30,12,18,.400,-6.14,-2.97,4,10,7,5,4,12,1834,1929,,1205,691,1647,.420,190,597,.318,357,512,.697,307,1001,390,170,104,295,450
118,Houston Baptist,31,14,17,.452,-15.17,-8.03,3,5,7,5,3,12,1982,2080,,1260,726,1713,.424,140,451,.310,488,701,.696,351,1089,349,289,123,505,600
119,Houston,33,20,13,.606,-0.30,-3.77,7,9,14,4,5,8,2578,2420,,1356,871,2021,.431,214,671,.319,464,681,.681,402,1174,476,219,115,440,630
120,Howard,31,7,24,.226,-14.42,-5.35,4,12,5,7,2,13,1615,1868,,1240,646,1575,.410,183,550,.333,393,580,.678,348,1051,342,205,97,434,507
,,Overall,Overall,Overall,Overall,Overall,Overall,Conf.,Conf.,Home,Home,Away,Away,Points,Points,,,Opponent Totals,Opponent Totals,Opponent Totals,Opponent Totals,Opponent Totals,Opponent Totals,Opponent Totals,Opponent Totals,Opponent Totals,Opponent Totals,Opponent Totals,Opponent Totals,Opponent Totals,Opponent Totals,Opponent Totals,Opponent Totals
Rk,School,G,W,L,W-L%,SRS,SOS,W,L,W,L,W,L,Tm.,Opp.,,MP,FG,FGA,FG%,3P,3PA,3P%,FT,FTA,FT%,ORB,TRB,AST,STL,BLK,TOV,PF
121,Idaho State,30,6,24,.200,-12.98,-4.85,5,15,5,7,1,14,1710,1928,,1210,679,1524,.446,219,586,.374,351,513,.684,324,1033,399,168,92,384,503
122,Idaho,30,12,18,.400,-2.19,0.33,7,11,6,8,6,8,2050,2079,,1210,758,1693,.448,209,589,.355,354,518,.683,293,886,357,201,86,270,490
123,Illinois-Chicago,34,18,16,.529,-1.78,-0.69,7,9,12,4,4,10,2136,2134,,1375,741,1826,.406,206,621,.332,446,625,.714,360,1190,408,189,118,431,578
124,Illinois State,33,18,15,.545,9.63,3.72,8,10,11,5,5,8,2460,2265,,1330,796,1879,.424,225,673,.334,448,638,.702,374,1191,433,207,82,484,587
125,Illinois NCAA,36,23,13,.639,13.23,10.08,8,10,12,4,6,6,2465,2332,,1445,810,1911,.424,232,679,.342,480,684,.702,392,1256,432,199,110,511,589
126,Indiana State,33,18,15,.545,5.08,5.64,9,9,11,3,4,10,2159,2164,,1340,748,1802,.415,182,558,.326,486,698,.696,345,1133,384,226,72,400,632
127,Indiana NCAA,36,29,7,.806,24.90,8.38,14,4,17,2,7,2,2831,2236,,1451,815,2089,.390,208,684,.304,398,563,.707,428,1114,353,229,150,509,735
128,Iona NCAA,34,20,14,.588,4.04,-0.02,11,7,11,1,5,9,2733,2595,,1395,938,2083,.450,272,726,.375,447,669,.668,418,1228,526,188,147,475,585
129,Iowa State NCAA,35,23,12,.657,14.50,6.13,11,7,16,1,4,7,2779,2486,,1420,890,2076,.429,215,692,.311,491,679,.723,367,1179,479,231,101,462,623
130,Iowa,38,25,13,.658,14.22,6.93,9,9,18,2,3,8,2665,2388,,1535,850,2168,.392,212,719,.295,476,675,.705,434,1307,440,264,159,500,742
131,Fort Wayne,33,16,17,.485,-7.00,-5.32,7,9,10,4,4,10,2213,2178,,1340,779,1717,.454,182,564,.323,438,632,.693,261,1022,371,208,90,447,590
132,IUPUI,32,6,26,.188,-15.93,-2.79,1,15,3,8,1,13,2096,2451,,1300,901,1853,.486,224,586,.382,425,566,.751,343,1158,487,220,86,372,469
133,Jackson State,29,11,18,.379,-14.80,-9.52,9,9,6,3,4,14,1920,2073,,1175,740,1647,.449,168,533,.315,425,647,.657,342,1113,354,181,110,426,521
134,Jacksonville State,28,17,11,.607,-4.48,-4.29,8,8,9,3,6,8,1857,1817,,1130,648,1433,.452,119,386,.308,402,546,.736,335,944,337,183,102,445,533
135,Jacksonville,32,14,18,.438,-10.47,-4.74,9,9,10,3,3,13,2181,2300,,1301,805,1820,.442,202,598,.338,488,697,.700,361,1137,453,235,135,469,598
136,James Madison NCAA,36,21,15,.583,-1.73,-2.28,11,7,10,4,4,9,2346,2326,,1450,798,1865,.428,221,636,.347,509,732,.695,368,1238,455,191,111,490,593
137,Kansas State NCAA,35,27,8,.771,13.53,6.53,14,4,15,1,7,3,2414,2115,,1400,750,1792,.419,171,538,.318,444,646,.687,375,1120,388,194,119,493,575
138,Kansas NCAA,37,31,6,.838,20.79,7.54,14,4,16,1,7,3,2782,2292,,1505,788,2183,.361,236,778,.303,480,699,.687,436,1219,399,266,108,468,681
139,Kennesaw State,30,3,27,.100,-15.40,-4.76,2,16,2,10,1,15,1831,2150,,1225,742,1499,.495,179,469,.382,487,713,.683,290,1033,420,198,102,420,522
140,Kent State,35,21,14,.600,2.38,-0.83,9,7,12,6,8,7,2484,2373,,1425,823,1897,.434,201,643,.313,526,769,.684,402,1198,475,209,134,487,677
,,Overall,Overall,Overall,Overall,Overall,Overall,Conf.,Conf.,Home,Home,Away,Away,Points,Points,,,Opponent Totals,Opponent Totals,Opponent Totals,Opponent Totals,Opponent Totals,Opponent Totals,Opponent Totals,Opponent Totals,Opponent Totals,Opponent Totals,Opponent Totals,Opponent Totals,Opponent Totals,Opponent Totals,Opponent Totals,Opponent Totals
Rk,School,G,W,L,W-L%,SRS,SOS,W,L,W,L,W,L,Tm.,Opp.,,MP,FG,FGA,FG%,3P,3PA,3P%,FT,FTA,FT%,ORB,TRB,AST,STL,BLK,TOV,PF
141,Kentucky,33,21,12,.636,13.94,5.78,12,6,16,2,4,8,2396,2127,,1330,763,1944,.392,179,552,.324,422,587,.719,395,1107,360,195,116,389,655
142,La Salle NCAA,34,24,10,.706,10.14,4.46,11,5,13,2,8,6,2450,2257,,1370,872,1912,.456,142,470,.302,371,544,.682,379,1192,436,199,132,486,538
143,Lafayette,34,19,15,.559,-3.00,-2.36,10,4,14,3,5,12,2349,2346,,1365,864,1864,.464,217,600,.362,401,586,.684,356,1149,455,221,95,464,541
144,Lamar,31,3,28,.097,-20.55,-3.26,1,17,1,10,1,17,1862,2398,,1251,903,1997,.452,202,564,.358,390,579,.674,409,1158,491,307,150,354,508
145,Lehigh,31,21,10,.677,3.95,-3.01,10,4,11,3,9,7,2266,2022,,1240,738,1776,.416,191,644,.297,355,512,.693,377,1104,444,162,98,424,522
146,Liberty NCAA,36,15,21,.417,-9.13,-5.80,6,10,8,7,4,11,2489,2519,,1455,879,2084,.422,212,697,.304,549,802,.685,435,1303,451,239,130,385,672
147,Lipscomb,30,12,18,.400,-11.70,-3.45,7,11,8,6,4,11,2079,2300,,1215,776,1732,.448,239,714,.335,509,769,.662,343,1054,457,246,143,404,626
148,Long Beach State,33,19,14,.576,-1.18,1.92,14,4,11,3,7,10,2291,2360,,1325,844,1930,.437,258,694,.372,414,617,.671,426,1195,514,217,96,451,595
149,Long Island University NCAA,34,20,14,.588,-3.21,-5.80,12,6,12,2,7,9,2677,2589,,1370,958,2046,.468,235,632,.372,438,647,.677,403,1147,519,234,126,441,721
150,Longwood,33,8,25,.242,-19.36,-5.10,4,12,4,9,2,14,2270,2687,,1325,977,2025,.482,228,592,.385,505,696,.726,394,1199,546,297,110,446,571
151,Louisiana,33,13,20,.394,-4.92,-2.23,8,12,10,5,2,14,2337,2413,,1335,822,1901,.432,203,580,.350,566,813,.696,418,1280,375,216,129,498,621
152,Louisiana-Monroe,27,4,23,.148,-13.97,-1.45,3,17,3,9,1,13,1621,1959,,1090,680,1449,.469,191,528,.362,408,574,.711,286,937,376,220,134,399,408
153,Louisiana State,31,19,12,.613,5.82,4.01,9,9,14,3,4,8,2194,2138,,1260,751,1782,.421,173,549,.315,463,677,.684,399,1166,330,228,129,470,552
154,Louisiana Tech,34,27,7,.794,5.48,-2.06,16,2,14,0,11,6,2470,2151,,1360,771,1912,.403,158,543,.291,451,675,.668,416,1299,358,203,116,590,620
155,Louisville NCAA,40,35,5,.875,24.81,9.13,14,4,15,1,8,3,2978,2351,,1625,825,2089,.395,221,696,.318,480,730,.658,469,1327,410,224,131,730,766
156,Loyola (IL),31,15,16,.484,-1.03,-2.30,5,11,8,6,6,9,1995,1934,,1245,709,1642,.432,173,514,.337,343,492,.697,275,947,358,210,126,366,542
157,Loyola Marymount,34,11,23,.324,-3.04,2.86,1,15,5,9,2,12,2202,2338,,1375,802,1809,.443,244,647,.377,490,731,.670,361,1190,469,231,112,478,603
158,Loyola (MD),35,23,12,.657,1.33,-2.10,12,6,13,3,7,8,2341,2221,,1420,768,1855,.414,164,547,.300,521,786,.663,436,1188,376,183,149,477,665
159,Maine,30,11,19,.367,-9.57,-4.12,6,10,8,4,3,15,1988,2091,,1200,740,1772,.418,204,573,.356,407,588,.692,349,1088,378,228,79,366,482
160,Manhattan,32,14,18,.438,-1.97,-0.38,9,9,7,4,5,11,1865,1916,,1290,622,1539,.404,176,505,.349,496,716,.693,334,1037,362,225,123,466,659
,,Overall,Overall,Overall,Overall,Overall,Overall,Conf.,Conf.,Home,Home,Away,Away,Points,Points,,,Opponent Totals,Opponent Totals,Opponent Totals,Opponent Totals,Opponent Totals,Opponent Totals,Opponent Totals,Opponent Totals,Opponent Totals,Opponent Totals,Opponent Totals,Opponent Totals,Opponent Totals,Opponent Totals,Opponent Totals,Opponent Totals
Rk,School,G,W,L,W-L%,SRS,SOS,W,L,W,L,W,L,Tm.,Opp.,,MP,FG,FGA,FG%,3P,3PA,3P%,FT,FTA,FT%,ORB,TRB,AST,STL,BLK,TOV,PF
161,Marist,31,10,21,.323,-6.34,-1.63,6,12,6,7,3,11,2045,2191,,1255,799,1802,.443,200,545,.367,393,577,.681,358,1152,408,240,104,403,598
162,Marquette NCAA,35,26,9,.743,14.04,8.58,14,4,16,0,5,6,2382,2191,,1420,776,1922,.404,223,690,.323,416,610,.682,407,1079,462,229,132,439,657
163,Marshall,32,13,19,.406,-3.62,0.93,6,10,11,4,1,11,2208,2327,,1290,824,1871,.440,203,549,.370,476,716,.665,417,1169,467,275,89,422,650
164,Maryland-Baltimore County,31,8,23,.258,-12.50,-3.70,5,11,6,8,1,14,1970,2216,,1260,760,1674,.454,181,589,.307,515,746,.690,335,1152,428,233,91,435,506
165,Maryland-Eastern Shore,28,2,26,.071,-19.61,-5.11,2,14,2,6,0,15,1535,1941,,1130,712,1499,.475,187,515,.363,330,498,.663,296,987,422,203,128,390,458
166,Maryland,38,25,13,.658,11.37,4.66,8,10,18,3,4,7,2688,2433,,1525,865,2249,.385,231,763,.303,472,667,.708,415,1209,443,259,151,404,617
167,Massachusetts,33,21,12,.636,5.82,4.55,9,7,10,5,8,4,2408,2366,,1325,833,1976,.422,209,645,.324,491,691,.711,404,1204,460,235,108,442,613
168,McNeese State,31,14,17,.452,-11.49,-4.63,7,11,9,5,4,11,2055,2172,,1271,776,1796,.432,172,530,.325,448,644,.696,422,1220,439,184,108,410,487
169,Memphis NCAA,36,31,5,.861,12.26,2.70,16,0,17,1,9,1,2681,2337,,1450,825,2038,.405,204,619,.330,481,711,.677,413,1205,413,266,120,557,674
170,Mercer,36,24,12,.667,0.69,-4.08,14,4,13,0,9,8,2371,2135,,1450,719,1820,.395,227,683,.332,470,713,.659,391,1165,378,207,104,511,621
171,Miami (FL) NCAA,36,29,7,.806,16.99,7.88,15,3,14,1,10,3,2509,2181,,1445,795,1987,.400,226,694,.326,365,562,.649,365,1175,389,193,105,425,623
172,Miami (OH),31,9,22,.290,-6.62,-0.26,3,13,5,8,4,13,1954,2128,,1245,747,1600,.467,227,611,.372,407,600,.678,326,1057,444,225,116,468,531
173,Michigan State NCAA,36,27,9,.750,18.64,10.55,13,5,17,1,6,5,2448,2129,,1440,758,1943,.390,199,664,.300,414,621,.667,353,1089,390,267,123,447,618
174,Michigan NCAA,39,31,8,.795,21.28,10.05,12,6,17,1,5,5,2932,2467,,1575,941,2221,.424,242,745,.325,343,503,.682,396,1251,494,209,124,470,604
175,Middle Tennessee NCAA,34,28,6,.824,11.16,-1.52,19,1,15,0,11,3,2405,1974,,1370,674,1704,.396,164,541,.303,462,729,.634,341,1048,312,221,95,530,670
176,Milwaukee,32,8,24,.250,-10.33,-0.26,3,13,7,7,1,15,2007,2264,,1300,842,1867,.451,183,571,.320,397,567,.700,381,1214,456,246,120,384,600
177,Minnesota NCAA,34,21,13,.618,16.83,10.31,8,10,15,2,3,8,2337,2115,,1365,720,1813,.397,213,629,.339,462,666,.694,401,1048,405,260,118,438,650
178,Mississippi State,32,10,22,.313,-4.54,4.34,4,14,7,7,1,11,1940,2224,,1290,829,1890,.439,229,689,.332,337,487,.692,408,1191,469,271,153,490,577
179,Mississippi Valley State,28,5,23,.179,-19.13,-8.28,5,13,4,5,1,16,1765,2069,,1125,739,1585,.466,154,435,.354,437,683,.640,359,1107,363,220,117,442,571
180,Mississippi NCAA,36,27,9,.750,14.42,4.14,12,6,16,1,6,6,2779,2409,,1455,865,2122,.408,241,771,.313,438,660,.664,432,1351,472,208,117,552,728
,,Overall,Overall,Overall,Overall,Overall,Overall,Conf.,Conf.,Home,Home,Away,Away,Points,Points,,,Opponent Totals,Opponent Totals,Opponent Totals,Opponent Totals,Opponent Totals,Opponent Totals,Opponent Totals,Opponent Totals,Opponent Totals,Opponent Totals,Opponent Totals,Opponent Totals,Opponent Totals,Opponent Totals,Opponent Totals,Opponent Totals
Rk,School,G,W,L,W-L%,SRS,SOS,W,L,W,L,W,L,Tm.,Opp.,,MP,FG,FGA,FG%,3P,3PA,3P%,FT,FTA,FT%,ORB,TRB,AST,STL,BLK,TOV,PF
181,Missouri-Kansas City,32,8,24,.250,-13.61,-2.74,5,11,3,11,4,11,1950,2252,,1280,790,1654,.478,206,513,.402,466,688,.677,295,1024,435,252,101,401,487
182,Missouri State,33,11,22,.333,-2.80,4.65,7,11,8,7,2,12,1966,2136,,1330,748,1652,.453,190,578,.329,450,637,.706,307,1130,418,157,107,402,561
183,Missouri NCAA,34,23,11,.676,15.41,6.00,11,7,17,0,2,8,2588,2268,,1370,812,2015,.403,234,704,.332,410,598,.686,373,1092,376,217,113,410,609
184,Monmouth,31,10,21,.323,-12.02,-4.19,5,13,5,8,3,13,2009,2252,,1240,771,1676,.460,232,644,.360,478,696,.687,359,1184,470,222,172,559,559
185,Montana State,30,13,17,.433,-10.90,-6.69,10,10,10,6,3,10,2118,2181,,1220,762,1585,.481,213,560,.380,444,606,.733,275,1034,407,193,91,447,535
186,Montana NCAA,32,25,7,.781,-1.11,-4.21,19,1,15,1,10,4,2238,2096,,1305,745,1733,.430,176,525,.335,430,606,.710,334,1044,362,186,88,387,539
187,Morehead State,33,15,18,.455,-5.36,-1.81,8,8,10,5,3,12,2396,2408,,1340,752,1654,.455,207,575,.360,697,960,.726,307,1027,475,265,135,566,611
188,Morgan State,32,17,15,.531,-5.39,-7.51,10,6,5,4,8,9,2162,2094,,1300,731,1800,.406,169,553,.306,463,688,.673,412,1139,358,230,108,476,585
189,Mount St. Mary's,32,18,14,.563,-5.85,-4.10,11,7,10,2,8,12,2233,2289,,1285,853,1671,.510,157,402,.391,426,639,.667,317,1115,439,192,77,520,547
190,Murray State,31,21,10,.677,1.21,-2.89,10,6,10,4,8,4,2257,2071,,1260,733,1752,.418,185,559,.331,420,576,.729,349,1049,391,207,80,436,620
191,Navy,31,8,23,.258,-11.31,-4.44,2,12,5,9,2,13,1709,1888,,1245,652,1525,.428,194,609,.319,390,577,.676,325,1110,400,160,96,409,482
192,Omaha,31,11,20,.355,-15.18,-3.90,6,10,7,6,3,13,2215,2548,,1240,948,1935,.490,255,659,.387,397,563,.705,394,1171,492,239,81,398,507
193,Nebraska,33,15,18,.455,4.40,9.59,5,13,11,7,2,9,1923,2094,,1320,736,1695,.434,177,530,.334,445,659,.675,331,1161,366,172,136,368,488
194,Nevada-Las Vegas NCAA,35,25,10,.714,12.92,5.71,10,6,17,2,6,6,2498,2206,,1405,794,2039,.389,203,650,.312,415,599,.693,361,1181,404,227,88,454,641
195,Nevada,31,12,19,.387,0.45,5.35,3,13,10,7,2,11,2092,2229,,1250,775,1711,.453,218,584,.373,461,678,.680,328,1081,453,205,122,392,585
196,New Hampshire,29,9,20,.310,-8.26,-4.19,5,11,6,6,3,13,1745,1819,,1169,639,1565,.408,137,487,.281,404,570,.709,300,1069,293,185,84,358,504
197,New Mexico State NCAA,35,24,11,.686,5.11,0.70,14,4,15,1,6,8,2355,2175,,1410,780,1949,.400,193,582,.332,422,590,.715,372,1092,368,215,110,432,711
198,New Mexico NCAA,35,29,6,.829,13.28,6.63,13,3,15,1,8,4,2355,2122,,1410,760,1944,.391,263,761,.346,337,500,.674,342,1151,440,189,101,445,693
199,New Orleans,26,8,18,.308,-21.26,-6.12,0,0,8,4,0,13,1791,1958,,1065,694,1525,.455,160,472,.339,410,614,.668,326,982,399,238,86,431,477
200,Niagara,33,19,14,.576,0.58,-1.15,13,5,11,4,7,8,2436,2379,,1340,818,1812,.451,237,649,.365,506,736,.688,372,1228,450,185,127,520,607
,,Overall,Overall,Overall,Overall,Overall,Overall,Conf.,Conf.,Home,Home,Away,Away,Points,Points,,,Opponent Totals,Opponent Totals,Opponent Totals,Opponent Totals,Opponent Totals,Opponent Totals,Opponent Totals,Opponent Totals,Opponent Totals,Opponent Totals,Opponent Totals,Opponent Totals,Opponent Totals,Opponent Totals,Opponent Totals,Opponent Totals
Rk,School,G,W,L,W-L%,SRS,SOS,W,L,W,L,W,L,Tm.,Opp.,,MP,FG,FGA,FG%,3P,3PA,3P%,FT,FTA,FT%,ORB,TRB,AST,STL,BLK,TOV,PF
201,Nicholls State,30,9,21,.300,-10.54,-4.97,8,10,5,5,4,13,2020,2187,,1216,784,1661,.472,163,446,.365,456,652,.699,344,1072,402,203,131,427,568
202,NJIT,29,16,13,.552,-8.33,-9.01,6,2,12,3,4,9,2042,1869,,1190,628,1647,.381,182,558,.326,431,633,.681,353,1041,367,182,150,447,556
203,Norfolk State,33,21,12,.636,-5.77,-6.56,16,0,11,0,10,9,2188,2162,,1325,756,1875,.403,170,580,.293,480,721,.666,441,1241,366,237,133,499,591
204,North Carolina-Asheville,32,16,16,.500,-3.67,-3.98,10,6,10,4,6,8,2296,2213,,1285,812,1858,.437,190,580,.328,399,593,.673,373,1105,456,253,105,464,585
205,North Carolina A&T NCAA,37,20,17,.541,-6.94,-6.30,8,8,9,3,5,12,2299,2291,,1485,763,1965,.388,240,750,.320,525,804,.653,445,1349,435,251,132,589,687
206,North Carolina Central,31,22,9,.710,-2.23,-7.05,15,1,12,2,9,5,2079,1758,,1240,609,1552,.392,160,554,.289,380,595,.639,323,946,324,212,101,496,573
207,North Carolina-Greensboro,31,9,22,.290,-9.42,-5.31,6,12,6,9,2,12,2222,2286,,1240,734,1686,.435,199,556,.358,619,844,.733,300,1148,360,190,102,433,535
208,North Carolina State NCAA,35,24,11,.686,14.32,7.17,11,7,16,1,3,7,2708,2458,,1405,899,2145,.419,209,693,.302,451,621,.726,430,1176,410,209,124,400,641
209,North Carolina-Wilmington,30,10,20,.333,-10.09,-2.27,5,13,9,5,1,15,1899,2111,,1200,753,1675,.450,168,508,.331,437,623,.701,334,1066,379,266,110,360,490
210,North Carolina NCAA,36,25,11,.694,14.52,8.01,12,6,14,2,7,6,2762,2492,,1445,918,2170,.423,248,717,.346,408,581,.702,417,1328,439,244,134,558,598
211,North Dakota State,34,24,10,.706,5.21,-4.01,12,4,12,1,7,8,2282,1908,,1370,655,1694,.387,178,561,.317,420,598,.702,281,991,340,188,99,388,512
212,North Dakota,33,16,17,.485,-8.53,-5.34,12,8,9,5,6,11,2222,2243,,1325,805,1864,.432,197,586,.336,436,606,.719,373,1184,398,229,132,459,589
213,North Florida,32,13,19,.406,-7.35,-3.22,8,10,7,4,4,14,2121,2235,,1280,810,1841,.440,155,444,.349,460,670,.687,428,1174,374,241,117,403,515
214,North Texas,32,12,20,.375,-6.39,-2.73,7,13,8,7,2,11,2117,2201,,1295,778,1865,.417,209,581,.360,436,629,.693,387,1155,379,216,115,409,594
215,Northeastern,33,20,13,.606,-1.35,-1.93,14,4,7,8,10,3,2273,2254,,1350,840,1798,.467,198,591,.335,376,523,.719,368,1085,419,232,116,480,590
216,Northern Arizona,32,11,21,.344,-12.02,-3.55,8,12,6,6,4,13,2140,2411,,1305,841,1793,.469,224,612,.366,505,695,.727,326,1150,446,258,129,452,548
217,Northern Colorado,31,13,18,.419,-7.64,-5.19,10,10,8,5,4,13,2184,2181,,1245,778,1721,.452,223,652,.342,402,568,.708,309,1002,427,188,99,385,498
218,Northern Illinois,30,5,25,.167,-12.00,-2.20,3,13,3,11,2,14,1619,1885,,1205,594,1379,.431,202,589,.343,495,702,.705,258,989,337,200,117,425,504
219,Northern Iowa,36,21,15,.583,8.60,5.23,11,7,16,4,5,6,2400,2229,,1455,821,1928,.426,231,672,.344,356,502,.709,322,1157,380,228,87,458,623
220,Northern Kentucky,27,11,16,.407,-7.82,-5.42,9,9,5,4,6,9,1582,1647,,1080,579,1319,.439,155,462,.335,334,471,.709,257,907,316,133,84,342,426
,,Overall,Overall,Overall,Overall,Overall,Overall,Conf.,Conf.,Home,Home,Away,Away,Points,Points,,,Opponent Totals,Opponent Totals,Opponent Totals,Opponent Totals,Opponent Totals,Opponent Totals,Opponent Totals,Opponent Totals,Opponent Totals,Opponent Totals,Opponent Totals,Opponent Totals,Opponent Totals,Opponent Totals,Opponent Totals,Opponent Totals
Rk,School,G,W,L,W-L%,SRS,SOS,W,L,W,L,W,L,Tm.,Opp.,,MP,FG,FGA,FG%,3P,3PA,3P%,FT,FTA,FT%,ORB,TRB,AST,STL,BLK,TOV,PF
221,Northwestern State NCAA,32,23,9,.719,0.41,-3.77,15,3,13,1,8,7,2559,2285,,1280,823,1934,.426,169,516,.328,470,750,.627,453,1249,396,221,76,535,640
222,Northwestern,32,13,19,.406,5.36,8.30,4,14,8,11,3,7,1943,2037,,1285,723,1690,.428,182,526,.346,409,639,.640,393,1199,426,185,122,375,557
223,Notre Dame NCAA,35,25,10,.714,13.74,7.22,11,7,17,2,4,5,2450,2222,,1440,845,2011,.420,191,587,.325,341,494,.690,368,1120,513,200,122,358,606
224,Oakland,33,16,17,.485,-4.39,-1.61,10,6,10,2,5,14,2444,2485,,1330,890,1804,.493,262,719,.364,443,633,.700,295,1106,524,192,133,483,619
225,Ohio State NCAA,37,29,8,.784,20.19,9.32,13,5,16,2,5,5,2599,2197,,1485,776,1963,.395,230,710,.324,415,580,.716,360,1196,373,162,105,493,631
226,Ohio,34,24,10,.706,6.94,-1.06,14,2,16,2,7,7,2464,2192,,1370,743,1747,.425,172,520,.331,534,801,.667,397,1206,408,220,91,591,581
227,Oklahoma State NCAA,33,24,9,.727,15.57,6.73,13,5,15,2,5,5,2371,2079,,1345,716,1838,.390,204,631,.323,443,645,.687,376,1152,332,198,93,490,645
228,Oklahoma NCAA,32,20,12,.625,11.40,7.09,12,7,12,2,5,7,2260,2122,,1290,760,1819,.418,205,624,.329,397,572,.694,363,1121,381,205,88,423,578
229,Old Dominion,30,5,25,.167,-7.59,-1.55,3,15,2,15,2,10,1947,2128,,1205,731,1611,.454,222,568,.391,444,631,.704,331,1020,433,192,130,406,542
230,Oral Roberts,35,20,15,.571,-0.23,-3.00,13,5,10,4,9,8,2484,2341,,1411,885,2018,.439,204,580,.352,367,553,.664,388,1111,478,245,131,449,642
231,Oregon State,32,14,18,.438,6.04,4.29,4,14,9,8,3,7,2304,2248,,1285,823,1908,.431,206,599,.344,396,574,.690,379,1134,433,206,114,389,585
232,Oregon NCAA,37,28,9,.757,13.82,5.77,12,6,17,2,6,5,2650,2352,,1505,845,2039,.414,203,608,.334,459,679,.676,350,1161,401,248,109,569,697
233,Pacific NCAA,35,22,13,.629,1.96,1.05,13,5,13,2,4,9,2344,2238,,1405,760,1799,.422,243,693,.351,475,667,.712,338,1133,423,182,97,449,623
234,Penn State,31,10,21,.323,2.85,9.46,2,16,8,9,1,9,1910,2115,,1250,669,1563,.428,206,599,.344,571,799,.715,276,1040,383,180,118,354,579
235,Pennsylvania,31,9,22,.290,-6.97,-1.48,6,8,5,7,4,12,1947,2117,,1245,690,1641,.420,189,549,.344,548,738,.743,345,1090,377,236,128,449,537
236,Pepperdine,30,12,18,.400,-3.73,1.06,4,12,6,7,5,10,1883,2021,,1220,702,1685,.417,205,579,.354,412,576,.715,351,1006,399,214,83,346,493
237,Pittsburgh NCAA,33,24,9,.727,18.82,5.63,12,6,16,3,6,3,2282,1847,,1335,627,1598,.392,172,565,.304,421,582,.723,316,942,335,181,123,444,587
238,Portland State,28,8,20,.286,-10.84,-5.54,5,15,8,6,0,14,1929,2037,,1125,751,1551,.484,174,466,.373,361,508,.711,287,910,424,183,88,328,452
239,Portland,32,11,21,.344,-5.79,3.28,4,12,8,8,2,11,1951,2189,,1285,769,1758,.437,218,598,.365,433,617,.702,322,1039,424,272,97,377,555
240,Prairie View,34,15,19,.441,-15.61,-10.10,8,10,9,4,3,13,2182,2223,,1366,750,1876,.400,203,677,.300,520,799,.651,403,1239,399,255,106,519,620
,,Overall,Overall,Overall,Overall,Overall,Overall,Conf.,Conf.,Home,Home,Away,Away,Points,Points,,,Opponent Totals,Opponent Totals,Opponent Totals,Opponent Totals,Opponent Totals,Opponent Totals,Opponent Totals,Opponent Totals,Opponent Totals,Opponent Totals,Opponent Totals,Opponent Totals,Opponent Totals,Opponent Totals,Opponent Totals,Opponent Totals
Rk,School,G,W,L,W-L%,SRS,SOS,W,L,W,L,W,L,Tm.,Opp.,,MP,FG,FGA,FG%,3P,3PA,3P%,FT,FTA,FT%,ORB,TRB,AST,STL,BLK,TOV,PF
241,Presbyterian,32,8,24,.250,-17.47,-4.71,4,12,7,6,1,15,1987,2248,,1290,800,1756,.456,227,603,.376,421,584,.721,344,1066,399,216,94,338,440
242,Princeton,28,17,11,.607,3.16,-1.65,10,4,9,4,8,6,1803,1635,,1125,578,1363,.424,119,366,.325,360,496,.726,240,803,264,182,81,349,452
243,Providence,34,19,15,.559,9.28,6.55,9,9,14,4,4,8,2299,2206,,1375,798,1911,.418,168,567,.296,442,631,.700,390,1177,437,217,132,447,664
244,Purdue,34,16,18,.471,9.04,7.87,8,10,12,7,4,7,2252,2212,,1370,782,1929,.405,191,583,.328,457,642,.712,370,1148,432,240,150,384,593
245,Quinnipiac,31,15,16,.484,-4.75,-4.91,11,7,8,6,6,8,2225,2220,,1265,751,1732,.434,207,548,.378,511,731,.699,283,986,389,197,82,336,654
246,Radford,32,13,19,.406,-10.87,-7.32,7,9,8,5,4,12,2136,2179,,1300,767,1748,.439,173,477,.363,472,687,.687,343,1188,390,227,125,496,575
247,Rhode Island,29,8,21,.276,-0.60,4.95,3,13,5,10,3,9,1786,1947,,1180,672,1559,.431,176,515,.342,427,623,.685,350,1087,348,171,110,366,526
248,Rice,31,5,26,.161,-11.12,0.01,1,15,5,11,0,11,1875,2199,,1245,764,1558,.490,190,515,.369,481,706,.681,329,1169,425,189,110,414,491
249,Richmond,34,19,15,.559,6.90,3.43,8,8,15,2,4,11,2380,2262,,1385,777,1745,.445,159,469,.339,549,751,.731,383,1175,394,200,97,507,684
250,Rider,34,19,15,.559,-1.22,-1.66,12,6,9,5,8,9,2166,2151,,1362,740,1821,.406,176,611,.288,493,698,.706,381,1144,387,242,95,470,634
251,Robert Morris,35,24,11,.686,0.24,-4.90,14,4,13,3,10,7,2480,2300,,1405,778,1732,.449,198,596,.332,546,796,.686,354,1171,416,208,87,572,635
252,Rutgers,31,15,16,.484,5.97,6.77,5,13,9,7,4,8,2027,2052,,1240,699,1658,.422,191,594,.322,463,660,.702,364,1023,415,198,97,393,531
253,Sacramento State,29,14,15,.483,-9.40,-6.77,8,12,10,4,4,11,1876,1904,,1160,690,1598,.432,210,599,.351,314,446,.704,315,1008,425,157,111,349,508
254,Sacred Heart,29,9,20,.310,-9.76,-3.69,7,11,5,7,3,13,2036,2212,,1170,772,1707,.452,204,550,.371,464,652,.712,369,1040,431,232,103,364,489
255,Saint Francis (PA),29,5,24,.172,-15.16,-4.37,5,13,3,10,2,14,1804,2117,,1180,726,1553,.467,194,517,.375,471,620,.760,317,1017,402,204,94,364,456
256,Saint Joseph's,32,18,14,.563,7.31,4.03,8,8,11,4,5,8,2150,2045,,1290,770,1880,.410,193,614,.314,312,449,.695,390,1105,431,193,86,330,549
257,Saint Louis NCAA,35,28,7,.800,14.33,4.28,13,3,17,2,6,3,2388,2036,,1410,735,1787,.411,157,475,.331,409,625,.654,340,1151,397,205,124,537,716
258,Saint Mary's (CA) NCAA,35,28,7,.800,14.51,3.31,14,2,16,1,9,2,2610,2203,,1405,763,1820,.419,195,523,.373,482,669,.720,286,1000,374,219,96,409,627
259,Saint Peter's,30,9,21,.300,-9.05,-2.92,3,15,5,8,4,11,1788,1972,,1210,671,1519,.442,180,515,.350,450,632,.712,300,1041,356,185,122,427,467
260,Sam Houston State,34,17,17,.500,-6.45,-5.16,8,10,9,6,6,10,2168,2080,,1380,687,1672,.411,157,518,.303,549,786,.698,302,1159,442,193,140,510,638
,,Overall,Overall,Overall,Overall,Overall,Overall,Conf.,Conf.,Home,Home,Away,Away,Points,Points,,,Opponent Totals,Opponent Totals,Opponent Totals,Opponent Totals,Opponent Totals,Opponent Totals,Opponent Totals,Opponent Totals,Opponent Totals,Opponent Totals,Opponent Totals,Opponent Totals,Opponent Totals,Opponent Totals,Opponent Totals,Opponent Totals
Rk,School,G,W,L,W-L%,SRS,SOS,W,L,W,L,W,L,Tm.,Opp.,,MP,FG,FGA,FG%,3P,3PA,3P%,FT,FTA,FT%,ORB,TRB,AST,STL,BLK,TOV,PF
261,Samford,32,11,21,.344,-10.05,-4.38,9,9,7,6,4,12,1957,2114,,1305,745,1656,.450,199,565,.352,425,596,.713,343,1072,410,220,111,402,514
262,San Diego State NCAA,34,23,11,.676,13.01,6.19,9,7,14,1,4,6,2356,2077,,1365,754,1917,.393,203,628,.323,366,540,.678,341,1128,425,180,102,429,601
263,San Diego,34,16,18,.471,-0.55,2.60,7,9,10,5,4,9,2215,2260,,1370,810,1822,.445,173,541,.320,467,660,.708,377,1153,401,240,132,453,599
264,San Francisco,31,15,16,.484,2.42,2.83,7,9,8,7,6,5,2161,2141,,1245,769,1758,.437,204,596,.342,399,564,.707,311,1084,346,168,75,363,540
265,San Jose State,29,9,20,.310,-9.39,-0.92,3,14,5,9,4,9,1802,1999,,1165,711,1658,.429,174,527,.330,403,562,.717,321,1066,401,179,148,376,538
266,Santa Clara,38,26,12,.684,6.58,1.72,9,7,15,5,10,6,2827,2577,,1530,875,2070,.423,212,620,.342,615,854,.720,434,1321,475,223,102,568,684
267,Savannah State,34,19,15,.559,-5.41,-4.73,11,5,11,3,7,11,1931,1887,,1380,639,1635,.391,129,452,.285,480,730,.658,363,1084,353,286,153,567,577
268,Seattle,30,8,22,.267,-4.53,-1.05,3,15,5,11,3,9,1966,2058,,1215,691,1696,.407,197,609,.323,479,707,.678,334,1041,357,287,95,430,490
269,Seton Hall,33,15,18,.455,5.54,5.96,3,15,10,7,2,9,2136,2150,,1330,735,1781,.413,192,564,.340,488,697,.700,378,1116,418,296,114,419,562
270,Siena,32,8,24,.250,-10.25,-1.87,4,14,4,10,2,12,1921,2189,,1290,798,1862,.429,219,661,.331,374,515,.726,387,1097,455,257,144,351,559
271,South Alabama,30,17,13,.567,-2.89,-2.96,14,6,10,3,7,7,2060,2040,,1210,720,1707,.422,160,483,.331,440,634,.694,360,1053,319,226,106,443,619
272,South Carolina State,30,6,24,.200,-18.17,-5.10,2,14,5,8,1,15,1808,2135,,1215,763,1738,.439,194,580,.334,415,612,.678,398,1125,437,217,117,373,498
273,South Carolina Upstate,33,16,17,.485,-3.59,-4.79,9,9,9,4,5,11,2315,2194,,1325,769,1789,.430,220,647,.340,436,616,.708,335,1077,455,223,70,462,562
274,South Carolina,32,14,18,.438,-0.71,2.11,4,14,10,8,1,9,2115,2205,,1300,759,1681,.452,179,530,.338,508,770,.660,344,1045,418,263,158,452,619
275,South Dakota State NCAA,35,25,10,.714,2.36,-3.27,13,3,13,0,7,9,2568,2300,,1420,867,1952,.444,243,676,.359,323,465,.695,290,1069,442,217,89,388,603
276,South Dakota,30,10,20,.333,-7.50,-2.92,5,11,5,7,4,11,2113,2208,,1200,830,1804,.460,231,621,.372,317,466,.680,331,1043,449,172,84,317,533
277,South Florida,31,12,19,.387,4.28,7.70,3,15,10,8,2,10,1822,1928,,1270,700,1657,.422,167,558,.299,361,505,.715,358,1119,395,157,136,373,493
278,Southeast Missouri State,33,17,16,.515,-5.51,-6.06,8,8,9,5,7,8,2446,2360,,1325,823,2050,.401,215,665,.323,499,704,.709,427,1216,408,216,113,347,550
279,Southeastern Louisiana,31,13,18,.419,-10.65,-3.76,10,8,9,3,3,14,1965,2113,,1245,737,1681,.438,175,461,.380,464,692,.671,332,1136,378,165,127,383,557
280,Southern California,32,14,18,.438,6.31,8.25,9,9,10,6,3,9,2101,2163,,1300,749,1805,.415,196,568,.345,469,678,.692,335,1131,399,228,99,383,500
,,Overall,Overall,Overall,Overall,Overall,Overall,Conf.,Conf.,Home,Home,Away,Away,Points,Points,,,Opponent Totals,Opponent Totals,Opponent Totals,Opponent Totals,Opponent Totals,Opponent Totals,Opponent Totals,Opponent Totals,Opponent Totals,Opponent Totals,Opponent Totals,Opponent Totals,Opponent Totals,Opponent Totals,Opponent Totals,Opponent Totals
Rk,School,G,W,L,W-L%,SRS,SOS,W,L,W,L,W,L,Tm.,Opp.,,MP,FG,FGA,FG%,3P,3PA,3P%,FT,FTA,FT%,ORB,TRB,AST,STL,BLK,TOV,PF
281,SIU Edwardsville,27,9,18,.333,-11.19,-4.67,5,11,8,5,1,13,1699,1827,,1080,665,1439,.462,149,458,.325,348,512,.680,270,917,375,180,89,384,468
282,Southern Illinois,31,14,17,.452,-0.82,2.28,6,12,9,4,4,11,1964,2019,,1245,689,1484,.464,195,523,.373,446,616,.724,282,980,402,183,79,479,537
283,Southern Methodist,32,15,17,.469,-0.59,-1.33,5,11,7,7,6,7,2064,2007,,1285,655,1657,.395,242,709,.341,455,647,.703,362,1000,403,239,119,439,591
284,Southern Mississippi,37,27,10,.730,8.95,1.49,12,4,14,2,9,6,2733,2348,,1505,775,1895,.409,288,873,.330,510,756,.675,393,1117,542,257,138,636,653
285,Southern Utah,31,11,20,.355,-12.04,-5.00,8,12,9,5,2,12,2066,2230,,1250,713,1645,.433,159,452,.352,645,914,.706,296,1074,370,237,113,370,583
286,Southern NCAA,33,23,10,.697,-2.61,-10.31,15,3,12,0,8,8,2223,1890,,1320,658,1795,.367,161,559,.288,413,614,.673,371,1173,276,167,93,447,564
287,St. Bonaventure,29,14,15,.483,3.44,2.71,7,9,8,6,5,9,2109,2088,,1170,704,1568,.449,211,571,.370,469,647,.725,329,971,409,181,98,424,585
288,St. Francis (NY),30,12,18,.400,-5.92,-4.75,8,10,6,6,6,10,2108,2143,,1205,763,1670,.457,172,518,.332,445,631,.705,342,1081,416,183,98,403,510
289,St. John's (NY),33,17,16,.515,5.80,7.16,8,10,11,5,5,8,2138,2183,,1335,787,1964,.401,216,652,.331,393,568,.692,440,1324,439,203,117,454,560
290,Stanford,34,19,15,.559,11.40,7.37,9,9,12,5,5,7,2397,2260,,1365,814,1915,.425,163,489,.333,469,646,.726,334,1173,372,189,111,448,609
291,Stephen F. Austin,32,27,5,.844,4.25,-6.64,16,2,15,0,11,4,2075,1639,,1280,588,1546,.380,127,426,.298,336,515,.652,267,928,270,219,114,488,586
292,Stetson,31,15,16,.484,-6.45,-4.45,11,7,8,6,6,9,2180,2218,,1240,829,1847,.449,209,635,.329,351,536,.655,340,1027,456,284,91,376,509
293,Stony Brook,33,25,8,.758,5.60,-4.12,14,2,11,1,13,6,2245,1898,,1320,681,1802,.378,225,726,.310,311,466,.667,326,1073,371,202,95,442,597
294,Syracuse NCAA,40,30,10,.750,20.30,8.57,11,7,17,2,5,5,2816,2347,,1610,794,2152,.369,246,868,.283,513,762,.673,511,1395,537,278,128,616,726
295,Temple NCAA,34,24,10,.706,9.52,5.20,11,5,14,3,8,4,2456,2309,,1360,824,1882,.438,196,555,.353,465,642,.724,358,1214,425,170,100,463,595
296,Tennessee-Martin,30,9,21,.300,-16.58,-4.19,5,11,7,7,2,13,2008,2295,,1220,774,1679,.461,208,594,.350,539,753,.716,333,1094,479,217,139,425,553
297,Tennessee State,33,18,15,.545,-2.17,-1.30,11,5,11,2,5,11,2360,2308,,1330,803,1867,.430,205,637,.322,497,722,.688,385,1103,445,238,101,465,651
298,Tennessee Tech,29,12,17,.414,-9.68,-3.31,5,11,9,5,3,12,1878,1951,,1160,653,1493,.437,175,529,.331,470,667,.705,318,939,351,217,86,433,529
299,Tennessee,33,20,13,.606,9.00,6.03,11,7,13,4,4,7,2189,2091,,1340,744,1780,.418,158,495,.319,445,612,.727,328,1039,367,209,132,368,650
300,Texas A&M-Corpus Christi,29,6,23,.207,-11.76,-3.65,5,13,4,9,2,14,1746,1962,,1160,651,1466,.444,180,506,.356,480,690,.696,317,1028,382,138,88,356,492
,,Overall,Overall,Overall,Overall,Overall,Overall,Conf.,Conf.,Home,Home,Away,Away,Points,Points,,,Opponent Totals,Opponent Totals,Opponent Totals,Opponent Totals,Opponent Totals,Opponent Totals,Opponent Totals,Opponent Totals,Opponent Totals,Opponent Totals,Opponent Totals,Opponent Totals,Opponent Totals,Opponent Totals,Opponent Totals,Opponent Totals
Rk,School,G,W,L,W-L%,SRS,SOS,W,L,W,L,W,L,Tm.,Opp.,,MP,FG,FGA,FG%,3P,3PA,3P%,FT,FTA,FT%,ORB,TRB,AST,STL,BLK,TOV,PF
301,Texas A&M,33,18,15,.545,6.50,4.86,7,11,12,6,4,6,2103,2049,,1350,707,1705,.415,206,615,.335,429,608,.706,365,1063,408,202,135,455,573
302,Texas-Arlington,33,19,14,.576,0.58,-0.90,11,7,7,8,10,5,2121,2072,,1320,671,1718,.391,231,725,.319,499,754,.662,372,1136,380,249,145,503,599
303,Texas Christian,32,11,21,.344,-4.27,4.41,2,16,9,9,1,10,1761,2002,,1281,732,1649,.444,158,470,.336,380,554,.686,325,1052,403,180,108,401,592
304,Texas-El Paso,32,18,14,.563,4.63,2.38,10,6,12,3,4,7,2042,1970,,1300,705,1689,.417,165,486,.340,395,587,.673,359,1063,375,210,87,396,602
305,Texas-Rio Grande Valley,32,16,16,.500,-13.35,-8.18,5,3,11,2,3,11,2101,2155,,1310,788,1776,.444,173,498,.347,406,607,.669,385,1173,408,233,85,491,603
306,Texas-San Antonio,32,10,22,.313,-6.47,-1.00,3,14,3,9,4,11,2048,2223,,1285,797,1726,.462,221,624,.354,408,593,.688,351,1144,483,221,144,427,583
307,Texas Southern,31,17,14,.548,-2.09,-7.25,16,2,10,3,7,11,2179,2019,,1260,744,1817,.409,160,504,.317,371,541,.686,377,1120,387,170,104,360,518
308,Texas State,34,12,22,.353,-6.36,-0.90,5,13,4,11,5,8,2398,2558,,1365,903,1986,.455,220,636,.346,532,742,.717,398,1320,481,245,127,506,648
309,Texas Tech,31,11,20,.355,-3.11,4.31,3,15,9,11,1,8,2026,2256,,1245,780,1675,.466,210,560,.375,486,688,.706,336,1074,414,238,113,452,585
310,Texas,34,16,18,.471,6.85,6.55,7,11,12,4,2,10,2229,2232,,1395,739,1926,.384,179,615,.291,575,822,.700,438,1237,406,271,111,445,669
311,Toledo,28,15,13,.536,-2.43,-3.04,10,6,8,4,6,9,1928,1911,,1130,654,1556,.420,204,593,.344,399,558,.715,340,1012,343,186,107,400,515
312,Towson,31,18,13,.581,-1.92,-2.59,13,5,6,5,9,8,2125,2066,,1270,709,1788,.397,180,541,.333,468,667,.702,369,1031,388,232,121,339,580
313,Troy,33,12,21,.364,-8.77,-4.01,6,14,8,7,2,12,2046,2203,,1355,779,1744,.447,220,614,.358,425,638,.666,352,1207,406,167,115,401,500
314,Tulane,35,20,15,.571,1.87,-1.80,6,10,15,4,3,10,2436,2299,,1400,830,1816,.457,209,624,.335,430,599,.718,299,1092,525,205,137,468,724
315,Tulsa,33,17,16,.515,-1.06,0.95,8,8,9,5,5,8,2241,2249,,1335,755,1839,.411,229,678,.338,510,750,.680,358,1154,455,250,116,431,643
316,UCLA NCAA,35,25,10,.714,12.88,7.82,13,5,15,3,6,3,2604,2427,,1420,926,2181,.425,218,672,.324,357,537,.665,458,1333,483,219,118,491,568
317,Utah State,31,21,10,.677,3.79,-0.68,11,7,14,4,7,5,2134,1971,,1255,705,1711,.412,220,652,.337,341,515,.662,295,880,430,213,87,294,576
318,Utah Valley,32,14,18,.438,-11.38,-7.02,3,5,9,4,3,11,2157,2165,,1310,803,1836,.437,202,615,.328,357,504,.708,324,1092,385,205,90,389,535
319,Utah,33,15,18,.455,4.74,6.68,5,13,11,7,2,10,2117,2086,,1330,743,1869,.398,213,642,.332,387,555,.697,385,1126,385,245,127,358,516
320,Valparaiso NCAA,34,26,8,.765,7.15,-1.13,13,3,15,2,10,5,2420,2119,,1365,745,1795,.415,159,470,.338,470,652,.721,322,989,372,238,85,441,662
,,Overall,Overall,Overall,Overall,Overall,Overall,Conf.,Conf.,Home,Home,Away,Away,Points,Points,,,Opponent Totals,Opponent Totals,Opponent Totals,Opponent Totals,Opponent Totals,Opponent Totals,Opponent Totals,Opponent Totals,Opponent Totals,Opponent Totals,Opponent Totals,Opponent Totals,Opponent Totals,Opponent Totals,Opponent Totals,Opponent Totals
Rk,School,G,W,L,W-L%,SRS,SOS,W,L,W,L,W,L,Tm.,Opp.,,MP,FG,FGA,FG%,3P,3PA,3P%,FT,FTA,FT%,ORB,TRB,AST,STL,BLK,TOV,PF
321,Vanderbilt,33,16,17,.485,6.24,6.03,8,10,9,6,4,7,1991,1984,,1330,701,1721,.407,183,588,.311,399,577,.692,328,1121,346,184,111,378,554
322,Vermont,33,21,12,.636,-0.13,-4.46,11,5,10,5,9,7,2097,1954,,1320,682,1674,.407,198,605,.327,392,565,.694,314,985,355,205,121,421,657
323,Villanova NCAA,34,20,14,.588,10.74,8.53,10,8,12,4,6,7,2307,2214,,1385,733,1812,.405,245,661,.371,503,740,.680,346,1125,464,266,111,518,727
324,Virginia Commonwealth NCAA,36,27,9,.750,16.89,4.47,12,4,15,2,8,3,2770,2323,,1450,811,1825,.444,198,601,.329,503,736,.683,400,1252,414,214,126,709,618
325,VMI,31,14,17,.452,-11.40,-7.11,8,8,8,5,5,10,2423,2411,,1245,889,1987,.447,209,590,.354,424,599,.708,423,1261,457,211,76,451,513
326,Virginia Tech,32,13,19,.406,1.74,6.27,4,14,10,7,2,9,2248,2393,,1300,831,1905,.436,245,705,.348,486,726,.669,392,1194,450,168,110,341,566
327,Virginia,35,23,12,.657,12.89,4.23,11,7,20,2,3,8,2248,1945,,1405,683,1761,.388,187,600,.312,392,560,.700,321,1075,321,185,110,450,540
328,Wagner,31,19,12,.613,-3.23,-5.07,12,6,11,3,7,8,2136,2079,,1270,692,1690,.409,200,571,.350,495,707,.700,340,1042,362,223,112,476,581
329,Wake Forest,31,13,18,.419,3.41,6.15,6,12,11,5,1,10,2093,2178,,1240,787,1731,.455,184,512,.359,420,614,.684,318,1083,404,209,134,441,620
330,Washington State,32,13,19,.406,6.70,5.26,4,14,10,7,1,9,2061,2015,,1290,713,1663,.429,223,640,.348,366,528,.693,289,1004,402,202,146,390,544
331,Washington,34,18,16,.529,7.93,7.22,9,9,11,7,5,7,2309,2285,,1370,834,1927,.433,190,556,.342,427,623,.685,363,1101,424,210,101,417,582
332,Weber State,37,30,7,.811,5.87,-5.61,18,2,17,2,11,5,2800,2275,,1495,825,2053,.402,141,500,.282,484,665,.728,341,1093,346,214,85,419,654
333,West Virginia,32,13,19,.406,4.60,6.54,6,13,8,6,3,9,2116,2178,,1285,755,1686,.448,213,559,.381,455,674,.675,356,1082,446,191,119,458,670
334,Western Carolina,33,14,19,.424,-6.45,-4.42,9,9,7,6,5,11,2288,2299,,1330,771,1749,.441,183,568,.322,574,807,.711,384,1162,381,251,113,466,541
335,Western Illinois,31,22,9,.710,-1.87,-5.42,13,3,12,2,7,5,1845,1663,,1245,604,1511,.400,163,484,.337,292,426,.685,261,902,311,191,73,370,505
336,Western Kentucky NCAA,36,20,16,.556,-0.65,-1.14,10,10,11,4,4,9,2409,2364,,1445,824,1945,.424,200,618,.324,516,742,.695,374,1189,368,219,135,504,690
337,Western Michigan,35,22,13,.629,0.42,-1.43,10,6,12,2,7,10,2345,2237,,1415,770,1896,.406,232,672,.345,465,663,.701,353,1094,431,260,123,449,683
338,Wichita State NCAA,39,30,9,.769,14.68,6.09,12,6,14,2,7,5,2720,2385,,1560,797,2020,.395,238,739,.322,553,774,.714,355,1190,410,220,116,505,703
339,William & Mary,30,13,17,.433,-4.03,-3.45,7,11,8,5,5,11,2064,2048,,1230,755,1742,.433,181,578,.313,357,517,.691,344,993,377,201,115,318,507
340,Winthrop,31,14,17,.452,-8.61,-4.43,6,10,11,4,2,12,1859,1897,,1245,642,1593,.403,178,574,.310,435,588,.740,305,1016,356,201,96,360,509
,,Overall,Overall,Overall,Overall,Overall,Overall,Conf.,Conf.,Home,Home,Away,Away,Points,Points,,,Opponent Totals,Opponent Totals,Opponent Totals,Opponent Totals,Opponent Totals,Opponent Totals,Opponent Totals,Opponent Totals,Opponent Totals,Opponent Totals,Opponent Totals,Opponent Totals,Opponent Totals,Opponent Totals,Opponent Totals,Opponent Totals
Rk,School,G,W,L,W-L%,SRS,SOS,W,L,W,L,W,L,Tm.,Opp.,,MP,FG,FGA,FG%,3P,3PA,3P%,FT,FTA,FT%,ORB,TRB,AST,STL,BLK,TOV,PF
341,Wisconsin NCAA,35,23,12,.657,18.76,9.73,12,6,15,3,5,6,2274,1958,,1420,744,1890,.394,136,470,.289,334,485,.689,325,1163,300,198,86,392,605
342,Wofford,32,13,19,.406,-6.74,-4.65,7,11,9,3,3,15,1858,1890,,1280,661,1555,.425,155,502,.309,413,588,.702,260,1058,321,199,100,455,465
343,Wright State,36,23,13,.639,2.25,-1.15,10,6,12,5,8,7,2233,2105,,1450,705,1698,.415,190,610,.311,505,730,.692,323,1139,353,187,125,569,617
344,Wyoming,34,20,14,.588,5.39,4.61,4,12,13,6,6,7,2074,2010,,1370,724,1687,.429,166,516,.322,396,553,.716,324,1123,342,190,77,451,637
345,Xavier,31,17,14,.548,7.70,4.96,9,7,11,4,4,7,2021,1936,,1250,675,1666,.405,206,642,.321,380,555,.685,312,942,358,171,111,366,585
346,Yale,31,14,17,.452,-3.95,-0.81,8,6,8,4,5,11,2079,2056,,1260,707,1585,.446,201,533,.377,441,631,.699,283,951,390,205,124,415,613
347,Youngstown State,34,18,16,.529,-2.14,-0.81,7,9,12,5,6,8,2426,2356,,1390,840,1980,.424,209,599,.349,467,658,.710,385,1258,425,204,102,452,600
