Rk,Team,Conf,W-L,AdjEM,AdjO,AdjO,AdjD,AdjD,AdjT,AdjT,Luck,Luck,AdjEM,AdjEM.1,OppO,OppO.1,OppD,OppD.1,AdjEM,AdjEM.1
1,Villanova 2,BE,35-5,32.01,122.8,3,90.8,5,66,274,0.023,114,10.74,13,110.5,19,99.7,9,2.98,83
2,North Carolina 1,ACC,33-7,29.82,124.4,1,94.6,21,70.5,60,-0.055,305,11.45,8,111.7,4,100.2,18,3.13,77
3,Kansas 1,B12,33-5,29.67,120,10,90.4,3,69,123,0.044,75,12.61,3,111.4,8,98.8,4,3.62,66
4,Virginia 1,ACC,29-8,29.64,120.6,8,91,7,61.3,348,-0.04,278,12.67,2,112.1,2,99.5,6,4.98,38
5,Michigan St. 2,B10,29-6,27.97,123.4,2,95.5,26,66.5,254,-0.012,210,7.19,57,107.5,73,100.3,22,0.4,157
6,Kentucky 4,SEC,27-9,25.14,121.8,5,96.6,39,67.4,214,-0.046,288,8.37,44,108.6,58,100.3,19,3.19,75
7,Louisville,ACC,23-8,24.68,113.4,42,88.8,2,66.1,268,-0.025,242,7.49,55,110.4,23,102.9,95,-7.4,331
8,West Virginia 3,B12,26-9,24.45,115.3,27,90.9,6,69.5,104,0.003,171,11.24,9,110.9,11,99.6,7,0.72,149
9,Purdue 5,B10,26-9,23.85,116.9,19,93.1,11,67.9,182,-0.046,286,7.43,56,109.1,46,101.7,66,-2.67,239
10,Oklahoma 2,B12,29-8,23.78,117.9,16,94.1,17,69.8,88,0.082,29,13.05,1,111.5,6,98.5,3,2.7,87
11,Indiana 5,B10,27-8,23.05,121.7,6,98.7,59,68.2,159,0,173,6.4,65,108.8,51,102.4,87,-3.12,258
12,Oregon 1,P12,31-7,22.68,119.1,13,96.4,37,68.1,167,0.041,81,9.06,33,109,47,100,13,1.04,139
13,Wichita St. 11,MVC,26-9,22.53,111.3,67,88.7,1,66,276,-0.079,333,3.61,88,104.8,154,101.2,51,6.45,24
14,Xavier 2,BE,28-6,22.52,117.1,18,94.6,22,71.9,32,0.047,68,8.16,45,108.2,64,100,16,1.73,116
15,Miami FL 3,ACC,27-8,22.44,119.4,11,96.9,42,65.9,284,0.077,33,11.67,6,111.6,5,99.9,11,2.63,90
16,SMU,Amer,25-5,21.98,119.3,12,97.3,45,65.8,288,0.014,140,3.37,93,105.5,121,102.2,77,-1.06,195
17,Duke 4,ACC,25-11,21.87,121.9,4,100,86,67.7,194,-0.026,248,11.23,10,112,3,100.7,35,3.52,69
18,Texas A&M 3,SEC,28-9,21.26,113.8,37,92.5,9,67.1,230,0.006,162,8.48,42,109.6,36,101.1,50,3.15,76
19,Arizona 6,P12,25-9,20.97,116.8,20,95.8,29,68.3,154,-0.038,272,6.66,63,107.9,67,101.3,54,-3.66,269
20,Iowa St. 4,B12,23-12,20.95,121.2,7,100.3,91,71.2,49,-0.062,318,12.05,5,110.2,28,98.1,1,2.54,92
21,Gonzaga 11,WCC,28-8,20.82,116.3,22,95.5,27,67.3,218,-0.038,273,3.51,90,107.3,77,103.8,118,6.12,25
22,Maryland 5,B10,27-9,20.25,116.2,24,95.9,32,67.4,213,0.016,129,8.6,39,109.2,45,100.6,30,-1.86,218
23,Iowa 7,B10,22-11,20.24,116.1,25,95.9,30,68.8,131,-0.071,327,9.12,30,110.2,26,101.1,49,1.28,132
24,Baylor 5,B12,22-12,19.06,118.9,14,99.8,84,66.6,252,-0.012,211,11.21,11,109.7,34,98.4,2,-3.12,257
25,Vanderbilt 11,SEC,19-14,18.76,113.6,40,94.9,23,67.8,184,-0.106,346,8.6,40,109.2,44,100.6,31,3.68,65
26,Connecticut 9,Amer,25-11,18.71,111.9,59,93.2,12,65.9,277,-0.036,270,6.17,71,107.6,72,101.4,56,-0.91,187
27,Syracuse 10,ACC,23-14,18.57,112.7,50,94.1,18,65,314,-0.027,249,10.21,18,110.9,12,100.7,33,-0.82,180
28,California 4,P12,23-11,18.32,112.5,53,94.2,19,68.1,162,-0.053,300,7.65,52,109.4,40,101.8,70,-2.58,234
29,Seton Hall 6,BE,25-9,18.27,111.1,72,92.9,10,69.7,92,0.016,132,8.55,41,108.5,61,100,14,-2.92,247
30,Butler 9,BE,22-11,17.27,118,15,100.7,97,67.9,178,-0.009,201,8.1,47,108.5,62,100.4,25,-4.1,282
31,VCU 10,A10,25-11,17.07,112.1,58,95,24,69.6,96,-0.07,326,3.82,87,107.3,76,103.5,111,0.95,142
32,Cincinnati 9,Amer,22-11,17.06,111.2,70,94.1,16,64,333,-0.067,322,5.2,77,107.3,79,102.1,75,-1.21,197
33,Utah 3,P12,27-9,16.79,115.6,26,98.8,60,65.3,305,0.112,9,9.79,21,109.8,33,100,12,1.9,114
34,Saint Mary's 2,WCC,29-6,16.74,117.3,17,100.6,96,61.8,347,0.025,107,-1.09,174,104,197,105.1,158,-6.66,320
35,Florida 2,SEC,21-15,16.64,110.5,85,93.9,14,69.2,110,-0.056,306,10.21,19,110.7,16,100.5,27,6.76,20
36,Notre Dame 6,ACC,24-12,16.6,120.6,9,104,158,64.6,324,0.054,54,10.75,12,111.3,9,100.5,29,-1.64,210
37,Pittsburgh 10,ACC,21-12,16.6,114.9,28,98.3,53,65.3,303,-0.011,206,9.06,34,110.8,14,101.7,68,-7.02,324
38,Wisconsin 7,B10,22-13,16.55,110.1,89,93.6,13,63.3,344,-0.022,235,9.57,25,110.3,24,100.7,36,1.24,134
39,Texas 6,B12,20-13,16.19,113,49,96.8,40,65.3,306,0.022,118,12.54,4,111.5,7,99,5,5.55,31
40,Creighton 4,BE,20-15,15.82,113.4,43,97.6,49,70.2,76,-0.095,338,6.22,69,107.8,70,101.6,62,-4.84,298
,,,,,,,,,,,,,Strength of Schedule,Strength of Schedule,Strength of Schedule,Strength of Schedule,Strength of Schedule,Strength of Schedule,NCSOS,NCSOS
Rk,Team,Conf,W-L,AdjEM,AdjO,AdjO,AdjD,AdjD,AdjT,AdjT,Luck,Luck,AdjEM,AdjEM,OppO,OppO,OppD,OppD,AdjEM,AdjEM
41,Stephen F. Austin 14,Slnd,28-6,15.62,112.2,57,96.6,38,67.3,217,0.007,159,-5.88,286,102.7,251,108.6,321,4.79,42
42,Valparaiso 1,Horz,30-7,15.46,107.5,125,92,8,66.8,245,-0.007,196,0.55,138,106.2,100,105.7,180,3.83,59
43,Saint Joseph's 8,A10,28-8,15.37,114.3,32,98.9,63,70.2,78,0.03,95,4.66,80,107,85,102.3,82,1.97,109
44,Providence 9,BE,24-11,14.49,110,92,95.5,28,68.4,150,0.062,42,8.93,36,109.5,39,100.6,32,-3.13,259
45,Clemson,ACC,17-14,14.38,113.3,45,98.9,62,63.7,337,-0.095,339,6.74,61,108.7,56,102,72,-7.97,335
46,San Diego St. 2,MWC,28-10,14.35,104.8,171,90.5,4,64.8,321,0.015,135,3.56,89,106.7,91,103.1,103,5.73,28
47,Yale 12,Ivy,23-7,14.33,110.4,88,96,34,66,275,0.026,105,-0.85,169,105.5,122,106.4,209,-1,193
48,Florida St. 4,ACC,20-14,14.26,113.1,47,98.9,61,71.6,42,-0.02,231,9.52,26,110.2,27,100.7,34,-1.82,216
49,USC 8,P12,21-13,14.25,113.9,35,99.7,80,71,54,-0.028,251,7.61,53,108.7,57,101.1,46,-1.65,211
50,Michigan 11,B10,23-13,14.15,114.6,30,100.5,92,65.8,289,0.013,146,8.96,35,110.1,29,101.1,48,-2.15,226
51,Georgia Tech 4,ACC,21-15,14.13,113.8,38,99.6,78,67.1,232,0.015,134,10.67,14,111.1,10,100.4,26,-0.84,182
52,BYU 2,WCC,26-11,13.89,113.1,48,99.2,68,73.7,10,-0.05,291,1.32,126,106.2,105,104.9,148,1.46,125
53,George Washington 4,A10,28-10,13.86,114.8,29,101,103,66.2,265,0.031,94,3.43,91,106,108,102.6,90,-1.77,215
54,Texas Tech 8,B12,19-13,13.78,113.2,46,99.4,72,66,273,0.028,101,10.66,15,110.4,22,99.7,8,0.62,151
55,Kansas St.,B12,17-16,13.46,108.8,101,95.4,25,66.7,250,-0.052,298,10.42,16,110.7,15,100.3,21,-2.92,246
56,Arkansas Little Rock 12,SB,30-5,13.24,109.2,98,96,33,63.4,342,0.056,52,-0.77,167,104.2,188,104.9,155,-0.2,171
57,Colorado 8,P12,22-12,12.91,108.8,100,95.9,31,69,120,0.015,136,7.51,54,109.5,37,102,74,-2.15,227
58,South Carolina 1,SEC,25-9,12.87,109,99,96.2,36,70.1,84,0.06,45,4.58,81,107.2,80,102.6,93,-3.49,265
59,Dayton 7,A10,25-8,12.63,106.6,146,94,15,67.8,183,0.082,28,3.89,86,107.3,75,103.4,109,2.58,91
60,Hawaii 13,BW,28-6,12.16,108.2,112,96.1,35,70.6,58,0.013,142,-2.32,204,102.5,258,104.9,149,-8.92,341
61,Houston 5,Amer,22-10,11.81,116.7,21,104.9,179,66.3,259,-0.006,192,0.81,134,103.9,202,103.1,102,-11.35,350
62,Georgetown,BE,15-18,11.71,111.4,65,99.7,81,67.9,180,-0.102,344,9.34,28,109.6,35,100.3,23,2.43,93
63,Virginia Tech 3,ACC,20-15,11.68,110.6,81,98.9,64,69.5,102,0.015,139,9.21,29,110.5,21,101.2,52,-8.44,339
64,Oregon St. 7,P12,19-13,11.65,110.7,77,99.1,66,67.1,229,0.043,78,9.61,24,109.8,32,100.2,17,0.46,155
65,Tulsa 11,Amer,20-12,11.5,111.2,69,99.7,79,68.4,149,-0.003,181,5.54,76,107,84,101.4,60,1.46,127
66,Washington 3,P12,19-15,11.22,110.4,87,99.2,70,77.5,2,-0.016,220,7.78,51,108.8,50,101.1,45,-1.46,205
67,Northern Iowa 11,MVC,23-13,11.13,109.6,94,98.5,56,62.9,346,0.013,148,4.8,79,106.1,107,101.3,53,7.57,17
68,Northwestern,B10,20-12,11.04,111.1,71,100.1,87,63.7,338,-0.002,178,2.73,100,106.5,94,103.8,119,-11.07,349
69,UCLA,P12,15-17,10.75,112.6,51,101.9,118,69.5,98,-0.056,307,9.61,23,110.5,18,100.9,42,4.6,44
70,Princeton 6,Ivy,22-7,10.63,112.3,56,101.7,114,68.6,138,0.036,90,-1.6,190,104.2,189,105.8,185,-1.32,199
71,Georgia 3,SEC,20-14,10.59,107.9,118,97.3,46,67.3,216,0.065,40,8.1,48,109.5,38,101.4,57,3.26,73
72,Evansville,MVC,25-9,10.56,108.3,110,97.8,51,68.6,140,-0.011,205,-1.44,181,102.5,263,103.9,123,-4.77,297
73,Arkansas,SEC,16-16,10.45,110.7,78,100.3,90,69.7,94,-0.08,334,6.4,66,108.6,60,102.2,78,-0.79,179
74,North Carolina St.,ACC,16-17,10.44,114.1,33,103.7,152,67.7,195,-0.037,271,8.75,38,110.6,17,101.8,71,-1.96,223
75,Memphis,Amer,19-15,10.1,107.5,124,97.4,47,73.4,12,-0.098,341,2.01,110,104.3,186,102.3,80,-6.79,322
76,Ohio St. 3,B10,21-14,10,107,138,97,43,67.5,203,0.049,65,6.23,68,107.9,68,101.7,65,-3.41,264
77,Mississippi,SEC,20-12,9.88,111.9,61,102,121,68.5,144,0.022,117,4.44,82,105.9,110,101.4,58,-3.59,267
78,Mississippi St.,SEC,14-17,9.62,110.1,91,100.5,93,69.3,108,-0.12,349,5.66,74,108,65,102.4,86,-4.51,292
79,Oakland,Horz,23-12,9.6,116.3,23,106.7,208,73.8,9,-0.058,312,-1.06,172,103.8,203,104.8,147,1.52,124
80,South Dakota St. 12,Sum,26-8,9.57,111.4,66,101.8,117,68.3,157,0.004,168,-0.23,155,104.6,168,104.8,146,1.91,113
,,,,,,,,,,,,,Strength of Schedule,Strength of Schedule,Strength of Schedule,Strength of Schedule,Strength of Schedule,Strength of Schedule,NCSOS,NCSOS
Rk,Team,Conf,W-L,AdjEM,AdjO,AdjO,AdjD,AdjD,AdjT,AdjT,Luck,Luck,AdjEM,AdjEM,OppO,OppO,OppD,OppD,AdjEM,AdjEM
81,LSU,SEC,19-14,9.56,111.9,60,102.3,124,72.3,22,0.022,116,6.85,59,108.3,63,101.4,59,-3.11,256
82,Rhode Island,A10,17-15,9.37,108.4,106,99,65,64.4,328,-0.115,348,2.36,105,105.3,134,103,100,0.33,159
83,UNC Wilmington 13,CAA,25-8,9.21,110.7,79,101.5,110,70.3,73,0.033,93,0.85,132,105.7,115,104.9,151,-3.9,271
84,UC Irvine,BW,28-10,9.1,106,157,96.9,41,67.5,205,0.093,19,1.62,122,105.5,125,103.9,121,3.88,58
85,Nebraska,B10,16-18,8.82,110.4,86,101.6,113,67.1,231,-0.097,340,5.74,73,107.4,74,101.6,64,-6.8,323
86,Temple 10,Amer,21-12,8.82,107,139,98.1,52,65.9,283,0.095,17,6.33,67,107.8,69,101.5,61,3.7,63
87,William & Mary,CAA,20-11,8.79,113.3,44,104.5,171,68.3,153,-0.015,217,1.93,114,105.9,111,103.9,124,1.24,135
88,Akron 6,MAC,26-9,8.63,110.1,90,101.5,109,67.5,210,0.025,109,-1.32,179,104.6,166,105.9,194,-3.29,262
89,St. Bonaventure 1,A10,22-9,8.63,113.7,39,105.1,181,68,172,-0.001,177,1.16,128,105.6,118,104.4,135,-4.24,286
90,Boise St.,MWC,20-12,8.61,109.5,96,100.9,101,69.2,112,-0.05,292,2.63,101,105.8,113,103.2,105,3.81,60
91,James Madison,CAA,21-11,8.5,108.1,114,99.6,77,66.8,244,-0.043,282,-0.06,151,105.5,120,105.6,178,-3.33,263
92,Hofstra 5,CAA,24-10,8.43,111.6,64,103.2,142,69.5,103,0.024,112,1.68,119,105.9,109,104.3,132,-0.26,172
93,Arizona St.,P12,15-17,8.38,109.6,95,101.2,106,67.9,181,-0.015,216,9.11,32,109.9,31,100.8,39,4.11,56
94,Stony Brook 13,AE,26-7,8.13,107.3,132,99.1,67,67.2,228,0.049,63,-5.6,280,103.3,232,108.9,329,4.38,49
95,Monmouth 1,MAAC,28-8,8.1,107.3,130,99.2,69,73,15,0.021,120,-2.03,199,103.7,208,105.7,182,6.06,27
96,Alabama 5,SEC,18-15,8.07,105.5,164,97.4,48,64.8,322,0.093,18,9.7,22,110.5,20,100.8,37,4.92,40
97,Marquette,BE,20-13,7.91,108,116,100.1,88,70.1,83,0.055,53,5.64,75,107.3,78,101.6,63,-9.07,342
98,Oklahoma St.,B12,20-Dec,7.75,106.4,151,98.6,58,63.9,334,-0.103,345,9.11,31,109.4,42,100.3,20,-4.34,289
99,Richmond,A10,16-16,7.7,113.6,41,105.9,193,68,170,-0.075,329,4.31,83,106.8,89,102.4,88,2.39,98
100,Old Dominion,CUSA,25-13,7.52,107,137,99.5,76,61.1,350,-0.032,260,-3.03,216,104.5,171,107.6,268,-0.86,185
101,Stanford,P12,15-15,7.46,108,117,100.5,94,65.8,293,0.04,82,10.41,17,110.8,13,100.4,24,2.43,94
102,UT Arlington,SB,24-11,7.45,106.9,140,99.5,75,72.2,23,-0.036,268,-2.91,212,102,285,104.9,154,-2.05,225
103,Tennessee,SEC,15-19,7.31,111,74,103.7,150,68.8,128,-0.051,295,7.81,50,108.7,54,100.9,41,1.99,108
104,Iona 13,MAAC,22-11,7.13,110.5,84,103.4,145,71.9,33,-0.005,190,-1.78,194,103.7,207,105.5,174,5.71,29
105,UC Santa Barbara,BW,19-14,6.83,106.3,153,99.5,74,66.9,242,-0.006,195,3.12,96,105.7,116,102.6,91,8.5,13
106,Davidson 5,A10,20-13,6.73,114.3,31,107.6,223,70.2,77,0.078,30,4.81,78,107.7,71,102.9,97,2.02,106
107,Long Beach St. 6,BW,20-15,6.64,108.5,104,101.9,119,70.2,80,0.063,41,6.18,70,107,83,100.9,40,14.67,1
108,Fresno St. 14,MWC,25-10,6.63,107.4,127,100.8,99,69,121,0.085,23,1.65,121,105.3,135,103.7,114,-2.89,244
109,Chattanooga 12,SC,29-6,6.5,107.5,126,101,104,66.3,260,0.132,4,-3.18,219,104.4,174,107.6,274,-0.04,167
110,Cal St. Bakersfield 15,WAC,24-9,6.26,104,181,97.8,50,67.6,201,-0.003,179,-6.5,302,100.6,316,107.1,242,-2.99,249
111,New Mexico St. 7,WAC,23-11,6.13,103.3,196,97.2,44,65.3,302,-0.014,215,-4.68,256,102.1,280,106.8,230,-1.4,201
112,Louisiana Lafayette,SB,19-15,5.96,111,73,105.1,180,70.3,75,-0.089,337,-1.03,171,103.2,235,104.2,129,5.12,35
113,Columbia,Ivy,25-10,5.67,112.4,54,106.7,209,65.1,313,-0.001,175,-4.07,245,102.3,270,106.4,212,-4.95,300
114,Milwaukee,Horz,20-13,5.2,112.5,52,107.3,217,65.9,280,-0.077,331,-2.01,198,104.1,194,106.1,199,-0.91,188
115,New Mexico,MWC,17-15,5.14,108.3,109,103.2,143,70.9,55,-0.035,267,1.77,118,104.7,160,102.9,99,0.28,161
116,UAB 7,CUSA,26-7,5.12,109.3,97,104.2,160,68.2,160,0.083,25,-4,241,103.2,234,107.2,248,-4.51,291
117,UNLV,MWC,18-15,5.09,103.4,192,98.3,54,73,14,-0.044,283,2.51,103,106.2,102,103.7,115,3.62,67
118,Wake Forest,ACC,20-Nov,4.78,107.3,131,102.5,128,71.4,45,0.026,106,11.59,7,112.6,1,101,43,4.24,55
119,Middle Tennessee 15,CUSA,25-10,4.76,104.6,173,99.9,85,67.6,200,0.088,21,-0.58,162,105.5,119,106.1,201,2.11,104
120,Illinois St.,MVC,18-14,4.63,104,180,99.4,73,67.2,226,0.01,153,1.65,120,103.8,206,102.1,76,3.39,71
,,,,,,,,,,,,,Strength of Schedule,Strength of Schedule,Strength of Schedule,Strength of Schedule,Strength of Schedule,Strength of Schedule,NCSOS,NCSOS
Rk,Team,Conf,W-L,AdjEM,AdjO,AdjO,AdjD,AdjD,AdjT,AdjT,Luck,Luck,AdjEM,AdjEM,OppO,OppO,OppD,OppD,AdjEM,AdjEM
121,Albany,AE,24-9,4.25,106.9,141,102.7,131,66.2,264,-0.03,255,-8.12,328,100.8,313,108.9,330,-4.63,293
122,College of Charleston,CAA,17-14,4.16,98.6,288,94.4,20,63.8,335,-0.058,311,0.33,142,106.2,101,105.9,191,-2.63,236
123,Toledo,MAC,17-15,4.02,108.6,103,104.5,170,68.9,127,-0.121,350,-2.13,200,103.8,204,105.9,193,-5.35,304
124,Nevada,MWC,24-14,3.94,102.4,210,98.5,55,71.3,47,0.065,38,1.25,127,105.9,112,104.6,139,-0.73,178
125,Illinois,B10,15-19,3.91,106.9,142,103,136,68.1,169,0.02,123,6.85,60,108.6,59,101.7,69,-0.33,176
126,Morehead St.,OVC,23-14,3.78,106.6,145,102.8,133,65.7,295,-0.006,191,-1.06,173,105.4,132,106.4,217,3.12,78
127,Green Bay 14,Horz,23-13,3.74,108.3,111,104.6,172,76.2,6,0.057,51,0.11,146,104.4,180,104.3,133,1.92,110
128,Siena,MAAC,21-13,3.67,108.1,113,104.5,168,70.1,82,-0.028,250,-3.85,233,102.9,248,106.7,225,0.73,148
129,Belmont 6,OVC,20-12,3.51,114,34,110.5,282,71.6,41,-0.009,200,-1.57,188,103.9,199,105.5,175,3.98,57
130,Grand Canyon,WAC,27-7,3.49,105,166,101.5,111,68.8,129,0.1,15,-8.19,329,100,329,108.2,305,-6.32,315
131,UNC Asheville 15,BSth,22-12,3.44,103.6,188,100.1,89,70.1,81,-0.008,197,-4.12,248,103.4,222,107.5,264,2.64,89
132,Northeastern,CAA,18-15,3.38,107,136,103.7,149,65.2,311,0.016,130,2.31,106,106.4,97,104.1,127,2.17,101
133,Louisiana Monroe,SB,20-14,3.31,106.5,149,103.1,141,65.8,286,0.028,102,-0.14,153,104.4,178,104.5,138,2.83,86
134,Utah St.,MWC,16-15,3.25,111.2,68,108,233,67,238,-0.032,261,1.89,116,104.8,156,102.9,98,-1.36,200
135,IPFW 7,Sum,24-10,3.17,111.7,63,108.6,248,69.5,105,0.139,3,-0.33,157,105,151,105.3,166,-0.29,174
136,TCU,B12,21-Dec,3.02,101.6,226,98.5,57,69.6,97,-0.031,257,10.16,20,110,30,99.8,10,-7.07,326
137,Pepperdine,WCC,18-14,3.02,106.1,155,103,137,67.5,207,0.03,97,1.33,125,107.1,82,105.8,184,1.72,117
138,Buffalo 14,MAC,20-15,2.95,105.9,158,102.9,134,72.1,27,0.044,76,0.97,131,106.5,95,105.6,177,2,107
139,Southern Illinois,MVC,22-10,2.8,107.2,134,104.4,166,69.3,109,0.082,26,-2.93,214,101.5,298,104.4,137,-9.14,343
140,Penn St.,B10,16-16,2.58,103.4,193,100.8,98,66.1,270,0.112,8,6.56,64,108.9,49,102.3,81,-2.97,248
141,Ohio,MAC,23-12,2.56,110.6,80,108.1,234,70,86,0.052,57,-1.95,197,103.4,226,105.3,167,-4.02,277
142,Weber St. 15,BSky,26-9,2.45,103.4,191,100.9,102,66.8,243,0.019,124,-5.67,282,103.3,228,109,333,1.16,137
143,Montana,BSky,21-12,2.28,106.9,143,104.6,173,65.4,301,0.005,165,-4.78,262,102.7,252,107.5,261,9.77,10
144,Colorado St.,MWC,18-16,2.17,112.3,55,110.2,274,68.1,165,-0.031,258,0.65,136,104.8,157,104.1,128,-2.91,245
145,North Dakota St.,Sum,20-13,2.07,101.9,219,99.8,82,64.5,325,0.003,170,-1.76,193,105.2,144,106.9,235,-4.17,284
146,Wright St.,Horz,22-13,2.01,101.4,235,99.4,71,65.1,312,0.057,50,-1.68,191,104.5,172,106.1,203,-1.15,196
147,Marshall,CUSA,17-16,1.84,111,75,109.1,260,77.3,3,-0.018,228,-0.49,160,105.4,129,105.9,190,4.28,53
148,Nebraska Omaha,Sum,18-14,1.83,109.7,93,107.9,231,76.2,5,-0.052,296,-0.98,170,105.1,146,106.1,202,-1.05,194
149,High Point 8,BSth,21-11,1.54,110.8,76,109.2,262,66.1,269,-0.012,209,-4.65,255,102.5,261,107.2,246,3.08,81
150,Eastern Michigan,MAC,18-15,1.27,106.7,144,105.4,185,70.3,70,0.013,145,1.54,123,106.9,86,105.4,170,5.22,34
151,Vermont,AE,23-14,1.19,107.8,119,106.6,203,67.6,197,0.028,103,-4.68,257,101.7,292,106.4,216,3.58,68
152,Towson,CAA,20-13,0.98,105.4,165,104.4,167,65.7,297,0.043,77,-1.44,183,104.3,185,105.7,183,-9.65,345
153,East Tennessee St.,SC,24-12,0.88,107.7,120,106.8,211,69.7,91,0.124,5,-1.48,184,105.3,136,106.8,231,3.3,72
154,Louisiana Tech,CUSA,23-10,0.87,104.6,174,103.7,153,71.7,37,0.047,67,-5.2,271,102.4,265,107.6,276,-2.88,243
155,Ball St.,MAC,21-14,0.84,103.5,190,102.6,130,65.3,304,-0.017,226,-3.75,231,102.9,247,106.7,224,-9.95,347
156,Duquesne,A10,17-17,0.72,107.6,123,106.9,212,72.9,16,-0.01,204,0.59,137,105.7,117,105.1,157,-7.59,332
157,Winthrop,BSth,23-9,0.69,108.4,107,107.7,228,72.8,18,0.034,92,-6.36,298,101.8,291,108.2,304,-2.57,233
158,Central Michigan,MAC,17-16,0.51,110.5,83,110,271,66.7,249,-0.062,317,-1.25,176,104.6,167,105.8,187,-2.18,228
159,Missouri,SEC,21-Oct,0.2,104.7,172,104.5,169,68,173,-0.088,336,6.9,58,108,66,101.1,44,-2.01,224
160,Elon,CAA,16-16,0.2,106.6,147,106.4,200,71.1,53,0.018,127,1.4,124,105.5,124,104.1,125,0.17,164
,,,,,,,,,,,,,Strength of Schedule,Strength of Schedule,Strength of Schedule,Strength of Schedule,Strength of Schedule,Strength of Schedule,NCSOS,NCSOS
Rk,Team,Conf,W-L,AdjEM,AdjO,AdjO,AdjD,AdjD,AdjT,AdjT,Luck,Luck,AdjEM,AdjEM,OppO,OppO,OppD,OppD,AdjEM,AdjEM
161,Fordham,A10,17-14,-0.06,102.3,212,102.4,125,66.4,257,0,174,-2.26,203,104.1,193,106.3,206,-15.7,351
162,Florida Gulf Coast 16,ASun,21-14,-0.08,103.6,189,103.7,148,67,240,-0.038,274,-5.83,285,104.1,191,110,349,-1.87,219
163,Murray St.,OVC,17-14,-0.1,106.3,154,106.4,201,64.3,329,-0.041,280,-3.21,220,103.5,217,106.7,226,3.78,62
164,Tennessee St.,OVC,20-11,-0.11,101.5,231,101.6,112,68.1,164,-0.003,180,-5.51,274,103.6,211,109.1,335,-5.43,305
165,Northern Illinois,MAC,21-13,-0.18,101.6,228,101.7,115,67.9,177,0.038,85,-1.53,187,104.4,181,105.9,192,-7.05,325
166,Wyoming,MWC,14-18,-0.19,108.3,108,108.5,245,64.6,323,-0.033,264,1.93,113,105.4,126,103.5,112,0.44,156
167,Massachusetts,A10,14-18,-0.29,102.8,204,103.1,140,70.8,57,0.008,158,3,97,106.4,96,103.4,110,-2.99,250
168,Indiana St.,MVC,15-17,-0.37,99.4,276,99.8,83,70.2,79,0.013,147,1.87,117,104.4,177,102.5,89,1.44,130
169,Western Kentucky,CUSA,18-16,-0.66,108.6,102,109.2,263,67,233,0.01,152,-1.73,192,105.3,137,107,240,0.13,166
170,Texas A&M Corpus Chris,Slnd,25-8,-0.66,102.6,208,103.3,144,68.5,141,0.169,1,-5.53,275,102.7,254,108.2,306,1.52,123
171,Harvard,Ivy,14-16,-0.69,100.3,253,101,105,65.9,278,-0.047,290,-0.05,150,104.7,162,104.8,145,1.45,129
172,Bucknell 8,Pat,17-14,-0.89,105.6,163,106.5,202,71.2,51,-0.067,320,-5.91,287,101.5,299,107.4,255,0.53,153
173,Detroit,Horz,16-15,-0.9,110.6,82,111.5,296,73.7,11,0.024,111,-0.76,166,104.4,182,105.1,160,3.21,74
174,Oral Roberts,Sum,14-17,-0.99,107.6,121,108.6,249,68.8,130,0.025,108,2.57,102,106.8,88,104.2,130,6.81,19
175,Furman,SC,19-16,-1.01,105,168,106,194,65,315,-0.024,241,-3.64,229,103.2,236,106.8,232,-1.48,206
176,Coastal Carolina,BSth,21-12,-1.09,101.7,221,102.8,132,66.7,247,0.016,131,-4.79,263,102.2,275,107,238,2.69,88
177,North Florida 7,ASun,22-12,-1.19,113.9,36,115,335,70.4,65,0.058,48,-5.15,269,102.3,268,107.5,263,0.83,144
178,Texas Southern 8,SWAC,18-15,-1.26,107.3,133,108.5,244,67.8,187,-0.016,219,-6.15,291,100.5,318,106.6,222,11.03,6
179,Kent St.,MAC,19-13,-1.37,106.4,150,107.8,230,67.2,221,0.082,27,-1.91,195,104.4,175,106.3,207,-4.07,280
180,Georgia St.,SB,16-14,-1.39,99.9,264,101.2,107,64.9,320,0.013,143,-1.29,178,103.3,230,104.6,141,1.91,111
181,Western Michigan,MAC,13-19,-1.65,103.7,185,105.4,184,68.1,166,-0.054,303,0.46,140,105.4,128,104.9,153,1.46,128
182,Mercer,SC,19-15,-1.67,105.8,160,107.5,220,63.4,341,-0.025,244,-4.03,242,103.5,216,107.5,267,-2.24,229
183,DePaul,BE,22-Sep,-1.69,104.5,175,106.2,197,66.9,241,0.004,169,9.38,27,109.4,41,100,15,1.02,140
184,Loyola Chicago,MVC,15-17,-1.73,100,261,101.8,116,65,316,0.013,144,-0.32,156,102.5,262,102.8,94,-4.1,283
185,UCF,Amer,18-Dec,-1.89,102.1,215,104,157,67.9,179,-0.019,230,1.92,115,105.1,145,103.2,106,-5.52,307
186,Washington St.,P12,22-Sep,-2.19,103.7,187,105.9,188,68.8,132,-0.051,294,8.11,46,109.2,43,101.1,47,-3.61,268
187,Wofford,SC,15-17,-2.22,106.3,152,108.5,247,65.2,310,-0.017,222,-1.17,175,104.9,152,106.1,200,7.24,18
188,Wagner 8,NEC,23-11,-2.32,100.7,242,103.1,138,65.9,282,0.027,104,-11.24,350,98.3,347,109.6,345,-5.07,302
189,Auburn,SEC,20-Nov,-2.56,101.7,222,104.2,162,71.8,35,0.049,61,7.92,49,108.7,53,100.8,38,2.09,105
190,East Carolina,Amer,20-Dec,-2.7,103.2,197,105.9,191,67.2,225,-0.024,239,2.89,98,105.1,147,102.2,79,-4.25,287
191,Lehigh,Pat,17-15,-2.71,104.9,170,107.6,224,67.8,185,-0.004,183,-5.98,288,101.3,304,107.2,250,6.57,22
192,Minnesota,B10,23-Aug,-2.77,101.5,230,104.3,163,68.4,147,-0.061,316,6.13,72,108.7,52,102.6,92,-1.91,222
193,Charlotte,CUSA,14-19,-2.84,105.8,159,108.7,250,70.3,74,-0.04,277,-2.73,209,105.2,142,107.9,289,0.29,160
194,Western Carolina,SC,16-18,-2.92,101.5,234,104.4,165,69.1,115,0.021,121,0.4,141,106.2,103,105.8,186,9.55,11
195,Denver,Sum,16-15,-2.92,102.9,203,105.9,189,60.8,351,0.029,100,-3.33,222,104.3,184,107.6,275,-8.3,336
196,Tennessee Tech,OVC,19-12,-3.14,108.5,105,111.6,299,69.2,113,0.077,31,-3.52,227,103,246,106.5,219,-2.38,232
197,Eastern Washington,BSky,18-16,-3.26,111.8,62,115.1,336,68.7,133,-0.045,285,-6.31,296,101.6,296,107.9,288,1.43,131
198,George Mason,A10,21-Nov,-3.32,101.5,232,104.8,178,67.8,191,-0.005,186,3.41,92,106.7,90,103.3,107,0.39,158
199,North Dakota,BSky,17-16,-3.35,99.6,269,103,135,71.6,39,-0.053,301,-5.6,279,102.3,272,107.9,287,1.28,133
200,Tulane,Amer,22-Dec,-3.39,97.9,298,101.3,108,67.7,196,-0.01,203,3.26,95,106.6,93,103.3,108,-6.21,311
,,,,,,,,,,,,,Strength of Schedule,Strength of Schedule,Strength of Schedule,Strength of Schedule,Strength of Schedule,Strength of Schedule,NCSOS,NCSOS
Rk,Team,Conf,W-L,AdjEM,AdjO,AdjO,AdjD,AdjD,AdjT,AdjT,Luck,Luck,AdjEM,AdjEM,OppO,OppO,OppD,OppD,AdjEM,AdjEM
201,Eastern Kentucky,OVC,15-16,-3.58,107.4,128,111,290,72.1,28,-0.029,253,-4.72,258,103.4,224,108.1,298,-4.67,295
202,NJIT,ASun,20-15,-3.61,102.3,213,105.9,192,69,122,0.048,66,-5.59,278,103.6,213,109.2,340,-1.42,204
203,Cal Poly,BW,20-Oct,-3.65,107.6,122,111.3,294,66.2,262,-0.062,319,2.41,104,105.3,139,102.9,96,5.29,32
204,Navy,Pat,19-14,-3.68,99.4,277,103.1,139,64.9,319,-0.006,194,-7.48,319,101.7,294,109.2,336,-4.04,278
205,San Francisco,WCC,15-15,-3.75,107.4,129,111.1,291,70.5,62,0.036,88,-2.38,206,104,195,106.4,213,-10.08,348
206,Portland,WCC,20-Dec,-4.01,107.1,135,111.1,292,71.8,34,-0.072,328,-0.81,168,104.7,161,105.5,176,-5.82,308
207,IUPUI,Sum,13-19,-4.05,99.9,262,103.9,156,68.4,148,0.042,79,2.24,108,106.3,98,104.1,126,6.07,26
208,Fairfield,MAAC,19-14,-4.06,103.8,184,107.9,232,71.4,46,0.101,13,-4.06,244,102.3,271,106.4,211,-1.65,212
209,Tennessee Martin,OVC,20-15,-4.26,104.9,169,109.2,261,66.6,253,0.074,37,-4.38,252,103.1,240,107.4,259,-2.59,235
210,Georgia Southern,SB,14-17,-4.31,105,167,109.3,264,68.7,136,-0.017,225,-2.6,208,103,242,105.6,179,-3.66,270
211,St. John's,BE,24-Aug,-4.4,97.8,301,102.2,122,72.1,26,-0.023,238,8.46,43,109,48,100.5,28,-4.04,279
212,Texas St.,SB,15-16,-4.43,99.5,275,103.9,155,63.6,340,-0.014,214,-3.29,221,102.4,267,105.7,181,-9.83,346
213,Sam Houston St.,Slnd,18-16,-4.61,102.6,209,107.2,215,67,237,-0.008,198,-6.84,307,101.5,297,108.3,312,4.29,52
214,Idaho,BSky,21-13,-4.87,98.6,287,103.5,146,65.8,292,0.076,35,-6.39,299,102.1,282,108.4,316,-0.97,191
215,UTEP,CUSA,19-14,-4.93,102.6,207,107.6,222,71.6,38,0.035,91,-6.52,303,102,286,108.5,318,-7.26,329
216,South Dakota,Sum,14-18,-4.96,106,156,111,289,70.5,61,0.057,49,0.52,139,105.5,123,105,156,1.56,121
217,Austin Peay 16,OVC,18-18,-5.1,104.5,176,109.6,266,69.5,101,0.061,43,-2.92,213,105.1,149,108,292,-0.19,170
218,Loyola Marymount,WCC,14-17,-5.21,103.7,186,108.9,254,67.5,202,0.076,34,0.2,144,105.4,127,105.2,164,-3.07,255
219,Saint Peter's,MAAC,14-16,-5.24,96.7,311,102,120,64.5,326,-0.005,189,-5.01,267,102.6,257,107.6,269,-5.15,303
220,UNC Greensboro,SC,15-19,-5.27,102.2,214,107.5,221,67.7,193,-0.017,223,-2.45,207,105.1,148,107.5,266,2.41,96
221,Samford,SC,14-19,-5.28,103,202,108.2,238,67.9,176,-0.056,309,-4.16,249,102.9,249,107,237,-3.14,260
222,Radford,BSth,16-15,-5.29,104.2,178,109.5,265,65.8,290,0.053,55,-3.36,223,103,243,106.3,208,4.47,47
223,Rider,MAAC,13-20,-5.33,99.3,278,104.7,176,64.3,330,-0.06,315,-3.86,234,102.1,278,106,198,-1.89,221
224,Missouri St.,MVC,13-19,-5.38,100.4,251,105.8,187,68.9,125,0.06,44,1.99,111,104.3,183,102.3,83,2.12,103
225,Boston College,ACC,25-Jul,-5.56,95.3,320,100.8,100,66.7,246,-0.058,313,8.89,37,110.3,25,101.4,55,-7.93,334
226,Saint Louis,A10,21-Nov,-5.56,96.9,310,102.4,126,69,117,0.018,126,2.28,107,106.1,106,103.8,120,-4.44,290
227,Pacific,WCC,20-Aug,-5.63,100.6,245,106.3,199,66.5,256,-0.006,193,1.94,112,106.8,87,104.9,150,2.42,95
228,FIU,CUSA,13-19,-5.67,103.2,199,108.8,252,65.3,307,-0.127,351,-5.6,281,102.5,259,108.2,301,-6.46,316
229,Southern 16,SWAC,22-13,-5.75,100.5,248,106.3,198,68.9,126,0.04,83,-8.52,332,99.1,340,107.6,273,3.49,70
230,Bowling Green,MAC,16-18,-5.78,100.9,239,106.7,205,68.3,156,0.037,87,-1.5,185,104.7,163,106.2,204,-6.54,319
231,Boston University,Pat,19-15,-5.88,102.8,205,108.7,251,69.7,90,0.051,58,-6.41,301,100.9,312,107.3,252,-2.74,241
232,Western Illinois,Sum,17-Oct,-5.91,101.2,236,107.1,214,67.8,189,-0.069,325,0.07,148,105.3,140,105.2,163,0.8,146
233,UC Riverside,BW,14-19,-5.94,100.1,258,106.1,196,67,234,-0.026,246,-2.82,211,103.1,239,105.9,196,-7.27,330
234,Dartmouth,Ivy,18-Oct,-5.99,99.5,273,105.5,186,67.5,208,-0.099,342,-3.52,228,103.6,215,107.1,241,-7.09,328
235,New Hampshire,AE,20-13,-6.01,99.9,265,105.9,190,67.4,212,0.11,11,-7,312,101,309,108,291,-4.29,288
236,Gardner Webb,BSth,17-16,-6.02,100.7,243,106.8,210,69,119,0.045,72,-3.93,240,103.6,210,107.6,270,7.66,16
237,Canisius,MAAC,14-19,-6.29,108.1,115,114.4,329,67.5,206,-0.013,212,-3.7,230,102.1,279,105.8,189,-1.54,208
238,South Florida,Amer,25-Aug,-6.49,98.3,292,104.8,177,66.7,248,-0.016,221,4.24,84,106.6,92,102.3,85,-1.41,203
239,Cal St. Northridge,BW,20-Oct,-6.52,100.9,238,107.4,218,70.4,66,-0.013,213,0.24,143,104.1,192,103.9,122,-0.31,175
240,Jackson St.,SWAC,20-16,-6.53,95.7,318,102.3,123,67.3,219,-0.004,184,-8.92,334,99,341,108,290,2.15,102
,,,,,,,,,,,,,Strength of Schedule,Strength of Schedule,Strength of Schedule,Strength of Schedule,Strength of Schedule,Strength of Schedule,NCSOS,NCSOS
Rk,Team,Conf,W-L,AdjEM,AdjO,AdjO,AdjD,AdjD,AdjT,AdjT,Luck,Luck,AdjEM,AdjEM,OppO,OppO,OppD,OppD,AdjEM,AdjEM
241,UC Davis,BW,19-Nov,-6.64,93.9,328,100.5,95,65.9,279,-0.005,188,-1.27,177,103.4,223,104.7,142,-4.86,299
242,Air Force,MWC,14-18,-6.92,99.1,283,106,195,67,239,0.087,22,0.69,135,104.4,173,103.8,116,-4.7,296
243,Incarnate Word,Slnd,17-12,-7.06,102.1,216,109.1,259,67.2,224,0.123,6,-6.4,300,101.7,293,108.1,300,8.07,14
244,Santa Clara,WCC,20-Nov,-7.07,101.8,220,108.9,253,65.5,298,0.019,125,1.06,130,105.4,131,104.3,134,-1.82,217
245,Drexel,CAA,25-Jun,-7.16,99.5,272,106.7,206,64.5,327,-0.026,247,2.78,99,106.3,99,103.5,113,1.71,118
246,Montana St.,BSky,14-17,-7.2,106.5,148,113.7,324,68.5,142,-0.024,240,-5.34,272,102.2,274,107.6,271,2.9,84
247,Miami OH,MAC,13-20,-7.25,97.4,304,104.7,174,64.3,331,0.046,69,-0.62,163,104.8,155,105.4,172,-3.98,274
248,Hampton 16,MEAC,21-11,-7.4,99.8,266,107.2,216,71.2,50,0.157,2,-9.75,341,98.9,342,108.7,325,1.91,112
249,San Jose St.,MWC,22-Sep,-7.46,97.2,306,104.7,175,69.5,100,-0.058,310,1.12,129,105.7,114,104.6,140,-3.98,275
250,UMKC,WAC,19-Dec,-7.48,103.2,198,110.7,283,66.4,258,-0.054,302,-1.92,196,103.2,233,105.1,159,5.07,36
251,Arkansas St.,SB,20-Nov,-7.51,100.3,254,107.8,229,72,30,-0.011,207,-1.6,189,103.1,238,104.7,144,-1.88,220
252,Norfolk St.,MEAC,17-17,-7.52,105.6,162,113.1,319,67.7,192,0.001,172,-6.92,310,100.2,327,107.1,245,5.69,30
253,Penn,Ivy,17-Nov,-7.56,100.1,259,107.7,226,67.8,190,-0.025,243,-2.75,210,102.7,255,105.4,171,-6.12,310
254,Army,Pat,19-14,-7.57,99.5,274,107,213,72.2,25,0.04,84,-8.64,333,100.4,319,109.1,334,-7.62,333
255,Northern Kentucky,Horz,21-Sep,-7.66,100.7,244,108.4,240,67.3,220,-0.079,332,0.04,149,105.3,141,105.2,165,2.28,99
256,Colgate,Pat,13-17,-7.71,104,183,111.7,301,64.9,318,-0.018,227,-5.57,277,101.2,305,106.8,227,1.23,136
257,Manhattan,MAAC,13-18,-7.77,98.8,284,106.6,204,67.9,175,0.045,73,-3.44,224,103,245,106.4,214,-0.54,177
258,Appalachian St.,SB,22-Sep,-8.17,102.7,206,110.9,287,70.3,69,-0.015,218,-0.42,159,104,196,104.4,136,1.8,115
259,South Alabama,SB,14-19,-8.22,95.8,316,104.1,159,69.6,95,0.084,24,-0.7,164,104.8,159,105.4,173,0.85,143
260,Portland St.,BSky,13-18,-8.35,102.1,217,110.4,279,72.1,29,-0.045,284,-6.15,292,102.3,273,108.4,315,-3.96,273
261,Kennesaw St.,ASun,20-Nov,-8.57,101.6,224,110.2,275,68.6,139,-0.026,245,-1.44,182,105.2,143,106.6,223,6.6,21
262,Drake,MVC,24-Jul,-8.6,104.1,179,112.7,311,65.4,300,-0.101,343,0.1,147,102.4,266,102.3,84,-3.02,251
263,Mount St. Mary's,NEC,14-19,-8.78,93.7,330,102.4,127,68.5,145,-0.032,259,-8.2,330,100.3,324,108.5,319,2.4,97
264,Cal St. Fullerton,BW,20-Oct,-8.82,101.7,223,110.5,281,68.6,137,0.011,151,-0.12,152,103.6,209,103.8,117,-2.82,242
265,Brown,Ivy,20-Aug,-9.26,102.4,211,111.6,300,70.4,67,-0.056,308,-3.02,215,102.8,250,105.8,188,-7.09,327
266,Eastern Illinois,OVC,13-17,-9.34,100.5,249,109.8,270,67.2,227,0.046,71,-3.87,236,103.9,200,107.8,285,0.18,163
267,La Salle,A10,22-Sep,-9.34,99.2,279,108.5,243,66.3,261,0.036,89,4.17,85,107.2,81,103,101,0.15,165
268,South Carolina St.,MEAC,19-15,-9.48,103.3,194,112.8,315,67.6,198,0.091,20,-8.11,327,99.6,333,107.7,280,4.25,54
269,San Diego,WCC,21-Sep,-9.77,93.9,327,103.7,151,66.1,272,-0.012,208,0.17,145,105.3,138,105.1,161,-2.65,238
270,Idaho St.,BSky,16-15,-9.86,99.1,281,109,257,70.1,85,0.052,56,-7.3,316,101.9,290,109.2,337,-3.02,253
271,Jacksonville,ASun,16-16,-9.9,100.2,256,110.1,272,70.4,63,0.05,59,-6.35,297,103,244,109.3,343,-3.51,266
272,Rice,CUSA,20-Dec,-10.12,105.7,161,115.8,339,69.7,89,0.022,119,-3.5,226,103.5,218,107,236,-1.5,207
273,Sacramento St.,BSky,14-17,-10.13,98.8,285,108.9,256,68.5,146,0.049,64,-5.74,284,102.5,260,108.3,309,-3.9,272
274,Lipscomb,ASun,21-Dec,-10.14,101.5,233,111.6,297,72.8,17,0.006,164,-3.91,239,104.8,158,108.7,324,0.82,145
275,Delaware,CAA,23-Jul,-10.22,101.5,229,111.7,302,67.4,211,-0.004,182,2.22,109,105.3,133,103.1,104,-0.89,186
276,Cornell,Ivy,18-Oct,-10.34,98.2,295,108.5,246,72.7,19,0.046,70,-0.53,161,104.6,164,105.2,162,-1.41,202
277,Houston Baptist,Slnd,17-17,-10.39,101.6,225,112,305,70.3,71,0.074,36,-4.83,264,102.3,269,107.2,247,4.49,46
278,Stetson,ASun,22-Dec,-10.44,104,182,114.5,330,70.6,59,-0.046,289,-3.91,238,104.2,190,108.1,296,-0.29,173
279,Rutgers,B10,25-Jul,-10.63,97.5,303,108.1,236,70.4,68,-0.036,269,6.68,62,108.7,55,102,73,-4.08,281
280,Fairleigh Dickinson 16,NEC,18-15,-10.63,104.4,177,115,334,71.5,43,0.097,16,-9.44,338,98.7,345,108.1,299,-0.17,169
,,,,,,,,,,,,,Strength of Schedule,Strength of Schedule,Strength of Schedule,Strength of Schedule,Strength of Schedule,Strength of Schedule,NCSOS,NCSOS
Rk,Team,Conf,W-L,AdjEM,AdjO,AdjO,AdjD,AdjD,AdjT,AdjT,Luck,Luck,AdjEM,AdjEM,OppO,OppO,OppD,OppD,AdjEM,AdjEM
281,Troy,SB,22-Sep,-10.69,98.3,291,109,258,68.4,151,-0.021,233,-1.52,186,103.4,225,104.9,152,-2.27,230
282,Youngstown St.,Horz,21-Nov,-10.7,103.2,200,113.9,326,72.4,20,0.007,161,-0.15,154,104.5,169,104.7,143,0.63,150
283,Utah Valley,WAC,18-Dec,-10.71,99.6,268,110.3,278,74.2,7,-0.022,236,-4.19,251,102.2,276,106.4,210,0.52,154
284,St. Francis NY,NEC,15-17,-11.23,93.9,326,105.2,182,65.8,287,0.011,150,-9.98,344,98.8,343,108.8,328,-3.22,261
285,Holy Cross 16,Pat,15-20,-11.39,97.1,307,108.5,241,63.6,339,0.065,39,-6.09,290,101.9,288,108,294,-6.27,313
286,Alabama St.,SWAC,14-17,-11.59,99.1,282,110.7,284,69,124,0.029,99,-7.89,325,99.3,338,107.2,249,4.32,50
287,LIU Brooklyn,NEC,16-15,-11.78,100.1,260,111.9,304,72.3,21,0.049,62,-11.43,351,98.2,349,109.6,346,-8.71,340
288,Loyola MD,Pat,21-Sep,-11.85,100.8,241,112.6,310,66.7,251,-0.03,256,-5.42,273,102,287,107.4,254,1.65,120
289,North Texas,CUSA,20-Dec,-11.89,100.8,240,112.7,312,69.7,93,0.015,138,-4.41,253,103,241,107.5,260,-4.66,294
290,Cleveland St.,Horz,23-Sep,-11.89,91.6,340,103.5,147,63.8,336,0.02,122,0.85,133,106.2,104,105.4,168,3.12,79
291,Quinnipiac,MAAC,21-Sep,-11.89,91.9,337,103.8,154,68.5,143,-0.028,252,-5.55,276,102.2,277,107.7,282,-8.44,338
292,Liberty,BSth,13-19,-12.11,98.7,286,110.8,286,63.2,345,0.077,32,-3.45,225,103.6,214,107,239,2.21,100
293,Florida Atlantic,CUSA,25-Aug,-12.36,95.7,317,108.1,235,67.5,204,-0.033,262,-1.38,180,105.4,130,106.8,228,4.72,43
294,Seattle,WAC,15-17,-12.37,94.3,324,106.7,207,65.8,294,0.059,47,-7.15,313,100.4,320,107.6,272,-6.46,317
295,Longwood,BSth,23-Oct,-12.51,100.4,250,112.9,316,69.2,111,-0.039,276,-4.76,261,103.4,221,108.2,303,-0.85,184
296,Jacksonville St.,OVC,23-Aug,-12.58,98.3,290,110.9,288,64.9,317,-0.067,321,-3.87,235,104.4,179,108.3,308,-3.98,276
297,Campbell,BSth,18-Dec,-12.82,100.2,255,113,317,68.1,168,-0.03,254,-7.62,322,100.6,317,108.2,302,-9.21,344
298,Charleston Southern,BSth,21-Sep,-12.94,99.2,280,112.1,306,68.2,161,-0.008,199,-2.15,202,103.8,205,105.9,195,10.33,9
299,St. Francis PA,NEC,13-17,-13.05,100.4,252,113.4,322,66.1,271,0.014,141,-9.55,339,99.4,334,108.9,331,-0.83,181
300,Sacred Heart,NEC,18-Dec,-13.11,99.6,270,112.7,313,71.2,48,0.006,163,-9.39,337,99.4,335,108.8,327,0.97,141
301,Alabama A&M,SWAC,18-Nov,-13.28,100.1,257,113.4,323,65.2,309,-0.046,287,-9.75,342,97.7,351,107.4,256,0.76,147
302,North Carolina Central,MEAC,13-19,-13.35,98.3,293,111.6,298,65.9,281,-0.076,330,-10.79,348,98.4,346,109.2,338,-0.07,168
303,Robert Morris,NEC,22-Oct,-13.36,91.8,339,105.2,183,67.8,188,-0.033,263,-7.2,314,101.1,306,108.3,311,1.69,119
304,Morgan St.,MEAC,22-Sep,-13.58,94.9,323,108.5,242,69.1,116,-0.114,347,-8.48,331,99.9,331,108.4,313,3.11,80
305,Southern Miss,CUSA,21-Aug,-13.84,96.5,312,110.3,277,63.3,343,-0.019,229,-4.1,247,102.7,253,106.8,229,-0.84,183
306,Bethune Cookman,MEAC,14-18,-13.96,97.9,299,111.9,303,66.5,255,0.01,154,-9.08,336,99.9,330,109,332,1.46,126
307,Marist,MAAC,23-Jul,-13.97,102,218,116,341,68.1,163,-0.042,281,-4.92,265,101.7,295,106.6,221,-6.27,314
308,Niagara,MAAC,25-Jul,-14.17,94.1,325,108.2,237,65.7,296,0.059,46,-3.76,232,103.3,229,107.1,244,-2.64,237
309,VMI,SC,21-Sep,-14.19,97,309,111.2,293,68.7,134,-0.022,234,-2.13,201,104.4,176,106.5,220,2.87,85
310,Southeastern Louisiana,Slnd,21-Dec,-14.46,98,297,112.4,308,68,171,-0.017,224,-8.09,326,100.3,325,108.4,314,4.92,41
311,SIU Edwardsville,OVC,22-Jun,-14.46,95.2,321,109.6,267,66.1,267,0.015,133,-3.11,217,104.5,170,107.6,277,1.55,122
312,The Citadel,SC,22-Oct,-14.51,103.1,201,117.6,346,80,1,0.008,156,-4.05,243,103.4,220,107.5,262,-5.45,306
313,Alcorn St.,SWAC,15-15,-14.55,98,296,112.6,309,65.5,299,0.103,12,-9.04,335,98.8,344,107.8,286,3.06,82
314,Northern Colorado,BSky,21-Oct,-14.65,103.3,195,118,348,68.3,155,0.024,113,-5.11,268,103.1,237,108.2,307,-0.94,189
315,UMass Lowell,AE,18-Nov,-14.99,100.6,246,115.6,337,73.2,13,0.1,14,-6.24,294,101.5,300,107.7,279,-2.74,240
316,New Orleans,Slnd,20-Oct,-15.01,96.4,313,111.4,295,72.2,24,-0.059,314,-7.66,323,101,311,108.6,322,3.8,61
317,Abilene Christian,Slnd,13-18,-15.24,97.1,308,112.3,307,67.8,186,0.025,110,-7.76,324,101.4,302,109.2,341,-0.96,190
318,Maryland Eastern Shore,MEAC,22-Oct,-15.28,98.5,289,113.8,325,67.2,222,-0.009,202,-6.74,305,101,310,107.7,281,8.95,12
319,American,Pat,19-Dec,-15.34,92.1,336,107.4,219,61.3,349,0.111,10,-4.72,259,102.6,256,107.3,253,0.25,162
320,Lamar,Slnd,19-Nov,-15.48,97.3,305,112.8,314,72,31,-0.085,335,-9.6,340,100.4,323,110,350,-8.32,337
,,,,,,,,,,,,,Strength of Schedule,Strength of Schedule,Strength of Schedule,Strength of Schedule,Strength of Schedule,Strength of Schedule,NCSOS,NCSOS
Rk,Team,Conf,W-L,AdjEM,AdjO,AdjO,AdjD,AdjD,AdjT,AdjT,Luck,Luck,AdjEM,AdjEM,OppO,OppO,OppD,OppD,AdjEM,AdjEM
321,Central Arkansas,Slnd,21-Jul,-15.98,100.9,237,116.9,344,71.8,36,-0.068,324,-7.46,318,101,308,108.5,317,4.97,39
322,USC Upstate,ASun,22-Oct,-16.03,100.6,247,116.6,342,66.2,263,0.007,160,-4.96,266,104.2,187,109.2,339,-3.06,254
323,Bradley,MVC,27-May,-16.03,86.6,350,102.6,129,67,236,0.017,128,3.37,94,105.1,150,101.7,67,4.52,45
324,Hartford,AE,23-Oct,-16.06,99.7,267,115.8,338,69.2,114,0.005,166,-6.21,293,100.7,315,106.9,234,-6.04,309
325,Binghamton,AE,22-Aug,-16.16,88.2,348,104.4,164,65.2,308,-0.021,232,-6.84,308,102.4,264,109.3,342,-5.06,301
326,Lafayette,Pat,24-Jun,-16.42,99.6,271,116,340,69.4,107,-0.034,265,-5.98,289,101.4,301,107.4,257,-3.02,252
327,McNeese St.,Slnd,20-Sep,-16.44,97.8,302,114.3,328,68,174,0.012,149,-7.59,321,101.9,289,109.5,344,13.75,2
328,Presbyterian,BSth,20-Nov,-16.58,93.7,329,110.2,276,67.2,223,0.044,74,-5.17,270,103.5,219,108.7,323,-1.56,209
329,Howard,MEAC,20-Dec,-16.61,93.5,331,110.1,273,70.4,64,0.009,155,-9.83,343,100,328,109.9,348,-1.69,213
330,Northwestern St.,Slnd,20-Aug,-16.62,101.6,227,118.2,349,73.8,8,-0.053,299,-6.29,295,102,284,108.3,310,13.07,3
331,Nicholls St.,Slnd,23-Nov,-16.75,92.2,335,108.9,255,68.4,152,0.015,137,-4.75,260,103.3,231,108.1,297,11.46,4
332,Savannah St.,MEAC,16-16,-16.85,87.4,349,104.2,161,65.9,285,0.117,7,-10.53,346,99.1,339,109.6,347,1.14,138
333,Coppin St.,MEAC,22-Sep,-17.19,95.9,315,113.1,318,69.9,87,-0.041,279,-6.94,311,101.1,307,108,293,11.26,5
334,UMBC,AE,25-Jul,-17.79,99.9,263,117.7,347,69.5,99,-0.039,275,-6.76,306,101.3,303,108,295,-6.23,312
335,Illinois Chicago,Horz,25-May,-17.83,89.9,343,107.7,227,71.6,40,0.004,167,-0.76,165,104.6,165,105.4,169,-2.29,231
336,Maine,AE,22-Aug,-18.23,96.3,314,114.5,331,76.8,4,0.03,98,-6.87,309,100.8,314,107.7,278,-6.49,318
337,Prairie View A&M,SWAC,24-Jul,-18.57,89,344,107.6,225,68.7,135,0.008,157,-5.74,283,100.4,321,106.2,205,7.95,15
338,UTSA,CUSA,27-May,-18.98,97.9,300,116.9,343,71.4,44,-0.052,297,-4.08,246,103.4,227,107.4,258,-1.23,198
339,North Carolina A&T,MEAC,22-Oct,-19.05,95.7,319,114.7,332,67.6,199,0.03,96,-10.32,345,98.3,348,108.6,320,-0.99,192
340,Southeast Missouri St.,OVC,24-May,-19.25,91.2,342,110.5,280,70.8,56,-0.023,237,-3.15,218,103.9,198,107.1,243,0.62,152
341,Mississippi Valley St.,SWAC,27-Aug,-19.33,91.5,341,110.8,285,71.2,52,-0.001,176,-6.55,304,99.9,332,106.4,215,4.99,37
342,Southern Utah,BSky,24-Jun,-20.3,98.2,294,118.5,350,68.2,158,-0.055,304,-4.17,250,103.6,212,107.8,284,3.7,64
343,Northern Arizona,BSky,25-May,-20.65,92.5,334,113.1,320,70.3,72,-0.068,323,-2.34,205,104.9,153,107.3,251,10.46,8
344,Arkansas Pine Bluff,SWAC,25-Aug,-20.69,89,345,109.7,268,64.1,332,0.05,60,-3.91,237,102.1,281,106,197,10.98,7
345,Grambling St.,SWAC,24-Jun,-21.29,88.4,347,109.7,269,65.8,291,-0.035,266,-7.5,320,99.3,337,106.8,233,6.54,23
346,Bryant,NEC,23-Aug,-21.7,93.2,332,114.9,333,67.4,215,0.023,115,-7.22,315,100.3,326,107.5,265,4.3,51
347,Chicago St.,WAC,28-Apr,-22.21,91.8,338,114,327,69,118,-0.051,293,-0.39,158,103.9,201,104.3,131,4.42,48
348,UT Rio Grande Valley,WAC,22-Aug,-22.36,95.1,322,117.4,345,67.5,209,0.037,86,-4.42,254,102,283,106.5,218,-1.75,214
349,Florida A&M,MEAC,21-Aug,-24.58,83.7,351,108.3,239,69.4,106,0.041,80,-11.11,349,99.4,336,110.5,351,-4.23,285
350,Delaware St.,MEAC,25-Jul,-24.71,88.5,346,113.3,321,66.2,266,-0.005,187,-7.32,317,100.4,322,107.8,283,5.28,33
351,Central Connecticut,NEC,25-Apr,-26.79,92.5,333,119.3,351,67,235,-0.005,185,-10.55,347,98.2,350,108.7,326,-6.75,321